,motif,family,subfamily,family_genes
0_9,0_9,bHLH,Ebox/CACGTG/1:bHLH,"['Usf1', 'Tfe3', 'Usf2', 'Bhe40', 'Tfeb', 'Mitf', 'Bmal1', 'Bhlhe41', 'Srebf2', 'Srebf1', 'Mlx', 'Bhlhe40', 'Mlxipl', 'Arnt', 'Arntl', 'Tfec', 'Hey1', 'Hey2', 'Id2', 'Max', 'Mnt', 'Mlxip', 'Npas2', 'Creb3l2', 'Hes7', 'Clock', 'Hes5', 'Bhlhb2', 'Bhlhb3', 'Creb3l1']"
0_22,0_22,C2H2,CTCF:C2H2,"['Ctcfl', 'Ctcf']"
0_35,0_35,C2H2,CTCF:C2H2,"['Ctcfl', 'Ctcf']"
0_47,0_47,C2H2,CTCF:C2H2,"['Ctcfl', 'Ctcf']"
0_71,0_71,bHLH,Ebox/CATATG:bHLH,"['Atoh1', 'Olig3', 'Olig2', 'Bhlhe22', 'Olig1', 'Neurod2', 'Bhlhe23', 'Neurog2', 'Bhlha15', 'Neurog1', 'Twist2']"
0_80,0_80,RFX,RFX/1:RFX,"['Rfx1', 'Rfx2', 'Rfx3', 'Rfx4', 'Rfx5']"
0_104,0_104,bHLH,Ebox/CAGCTG:bHLH,"['Ascl1', 'Ascl2', 'Myog', 'Myf6', 'Myod1', 'Bha15', 'Tfe2', 'Tfap4', 'Zbt18', 'Tcf12', 'Nhlh1', 'Twist1', 'Msc', 'Zbtb18', 'Tcf21', 'Znf238']"
0_136,0_136,bHLH,Ebox/CATATG:bHLH,"['Atoh1', 'Olig3', 'Olig2', 'Bhlhe22', 'Olig1', 'Neurod2', 'Bhlhe23', 'Neurog2', 'Bhlha15', 'Neurog1', 'Twist2']"
0_141,0_141,RFX,RFX/1:RFX,"['Rfx1', 'Rfx2', 'Rfx3', 'Rfx4', 'Rfx5']"
0_142,0_142,homeodomain,HD/12:homeodomain,"['Pbx1', 'Pbx3', 'Pknx1', 'Pbx2']"
0_146,0_146,C2H2,GC-tract:C2H2,"['Klf15', 'Maz', 'Zn467', 'Zn263', 'Zn770', 'Zn341', 'Taf1', 'Zsc22', 'Thap1', 'Znf263']"
0_147,0_147,bHLH,Ebox/CACGTG/2:bHLH,"['Clock', 'Mycn', 'Myc', 'Max', 'Mxi1', 'Hes1', 'Tcfl5', 'Hes2']"
0_150,0_150,RFX,RFX/3:RFX,"['Rfx5', 'Rfx6']"
0_183,0_183,bHLH,Ebox/CAGATGG:bHLH,"['Atoh1', 'Ndf1', 'Ngn2', 'Ndf2', 'Olig2', 'Ptf1a', 'Twst1', 'Lyl1', 'Msgn1', 'Neurod1', 'Tal1']"
0_188,0_188,NFI,NFI/3:NFI,"['Nfia', 'Nfic']"
0_200,0_200,RFX,RFX/2:RFX,"['Rfx2', 'Rfx3', 'Rfx4']"
0_201,0_201,C2H2,KLF/SP/2:C2H2,"['Egr1', 'Egr2', 'Zbt17', 'Sp1', 'Patz1', 'Sp3', 'Vezf1', 'Klf6', 'Sp4', 'Wt1', 'Klf4', 'Sp5', 'Sp2', 'Zn281', 'Klf5', 'Klf3', 'Sall4', 'Klf1', 'Klf12', 'Rreb1']"
0_206,0_206,bHLH,Ebox/CATATG:bHLH,"['Atoh1', 'Olig3', 'Olig2', 'Bhlhe22', 'Olig1', 'Neurod2', 'Bhlhe23', 'Neurog2', 'Bhlha15', 'Neurog1', 'Twist2']"
0_211,0_211,RFX,RFX/3:RFX,"['Rfx5', 'Rfx6']"
0_213,0_213,C2H2,GC-tract:C2H2,"['Klf15', 'Maz', 'Zn467', 'Zn263', 'Zn770', 'Zn341', 'Taf1', 'Zsc22', 'Thap1', 'Znf263']"
0_215,0_215,C2H2,KLF/SP/2:C2H2,"['Egr1', 'Egr2', 'Zbt17', 'Sp1', 'Patz1', 'Sp3', 'Vezf1', 'Klf6', 'Sp4', 'Wt1', 'Klf4', 'Sp5', 'Sp2', 'Zn281', 'Klf5', 'Klf3', 'Sall4', 'Klf1', 'Klf12', 'Rreb1']"
0_219,0_219,NFI,NFI/3:NFI,"['Nfia', 'Nfic']"
0_221,0_221,homeodomain,HD/12:homeodomain,"['Pbx1', 'Pbx3', 'Pknx1', 'Pbx2']"
0_223,0_223,C2H2,KLF/SP/2:C2H2,"['Egr1', 'Egr2', 'Zbt17', 'Sp1', 'Patz1', 'Sp3', 'Vezf1', 'Klf6', 'Sp4', 'Wt1', 'Klf4', 'Sp5', 'Sp2', 'Zn281', 'Klf5', 'Klf3', 'Sall4', 'Klf1', 'Klf12', 'Rreb1']"
0_243,0_243,C2H2,CTCF:C2H2,"['Ctcfl', 'Ctcf']"
0_255,0_255,NFI,NFI/3:NFI,"['Nfia', 'Nfic']"
0_262,0_262,homeodomain,HD/12:homeodomain,"['Pbx1', 'Pbx3', 'Pknx1', 'Pbx2']"
0_270,0_270,homeodomain,HD/2:homeodomain,"['Lhx2', 'Lhx3', 'Nobox', 'Dlx3', 'Prrx2', 'Isl1', 'Pdx1', 'Dlx5', 'Lhx6', 'Sp7', 'Hxb4', 'Alx3', 'Mixl1', 'Rax2', 'Uncx', 'Esx1', 'Shox', 'Lbx2', 'Dlx1', 'Gsx2', 'Prrx1', 'Hoxb3', 'Gsx1', 'Hoxb2', 'Dlx6', 'Dlx4', 'Lmx1b', 'Shox2', 'Gbx2', 'Hoxa2', 'Emx1', 'Rax', 'Lmx1a', 'Meox2', 'Dlx2', 'Vsx1', 'Evx1', 'Gbx1', 'Nkx6-2', 'Vsx2', 'Evx2', 'Hesx1', 'Lhx9', 'Msx1', 'Msx3', 'Vax1', 'En2', 'En1', 'Msx2', 'Mnx1', 'Lhx4', 'Vax2', 'Meox1', 'Pou6f1', 'Noto', 'Hoxd3', 'Isx', 'Pax4', 'Emx2', 'Hoxb5', 'Alx4', 'Nkx6-1', 'Alx1', 'Bsx', 'Mix-a', 'Hoxd8', 'Arx', 'Barx1', 'Pou6f2', 'Lhx8', 'Hoxa5', 'Lbx1', 'Ventx', 'Arid3b', 'Raxl1', 'Hoxa1']"
0_274,0_274,C2H2,CTCF:C2H2,"['Ctcfl', 'Ctcf']"
0_280,0_280,C2H2,CTCF:C2H2,"['Ctcfl', 'Ctcf']"
0_285,0_285,C2H2,GC-tract:C2H2,"['Klf15', 'Maz', 'Zn467', 'Zn263', 'Zn770', 'Zn341', 'Taf1', 'Zsc22', 'Thap1', 'Znf263']"
0_311,0_311,bHLH,Ebox/CAGATGG:bHLH,"['Atoh1', 'Ndf1', 'Ngn2', 'Ndf2', 'Olig2', 'Ptf1a', 'Twst1', 'Lyl1', 'Msgn1', 'Neurod1', 'Tal1']"
0_313,0_313,C2H2,CTCF:C2H2,"['Ctcfl', 'Ctcf']"
0_326,0_326,C2H2,KLF/SP/2:C2H2,"['Egr1', 'Egr2', 'Zbt17', 'Sp1', 'Patz1', 'Sp3', 'Vezf1', 'Klf6', 'Sp4', 'Wt1', 'Klf4', 'Sp5', 'Sp2', 'Zn281', 'Klf5', 'Klf3', 'Sall4', 'Klf1', 'Klf12', 'Rreb1']"
0_332,0_332,C2H2,BCL6/1:C2H2,['Bcl6b']
0_341,0_341,RFX,RFX/2:RFX,"['Rfx2', 'Rfx3', 'Rfx4']"
0_356,0_356,C2H2,KLF/SP/2:C2H2,"['Egr1', 'Egr2', 'Zbt17', 'Sp1', 'Patz1', 'Sp3', 'Vezf1', 'Klf6', 'Sp4', 'Wt1', 'Klf4', 'Sp5', 'Sp2', 'Zn281', 'Klf5', 'Klf3', 'Sall4', 'Klf1', 'Klf12', 'Rreb1']"
0_363,0_363,C2H2,KLF/SP/2:C2H2,"['Egr1', 'Egr2', 'Zbt17', 'Sp1', 'Patz1', 'Sp3', 'Vezf1', 'Klf6', 'Sp4', 'Wt1', 'Klf4', 'Sp5', 'Sp2', 'Zn281', 'Klf5', 'Klf3', 'Sall4', 'Klf1', 'Klf12', 'Rreb1']"
0_370,0_370,NFI,NFI/1:NFI,"['Nfib', 'Nfic', 'Nfix', 'Nfia']"
0_387,0_387,MADS,MEF2:MADS,"['Mef2a', 'Mef2c', 'Mef2d', 'Mef2b']"
0_394,0_394,RFX,RFX/2:RFX,"['Rfx2', 'Rfx3', 'Rfx4']"
0_395,0_395,TBX,TBX/2:TBX,"['Mga', 'Tbx21', 'Tbx4', 'Tbx5', 'Tbx2']"
0_418,0_418,MEIS,MIES:MEIS,"['Tgif1', 'Meis2', 'Meis1', 'Meis3', 'Tgif2', 'Pknox1', 'Pknox2', 'Tgif2lx']"
0_426,0_426,ETS,ETS/1:ETS,"['Elf1', 'Elf2', 'Gabpa', 'Elk1', 'Elk4', 'Etv1', 'Ehf', 'Elf4', 'Elf3', 'Elf5', 'Etv6', 'Elk3', 'Zbtb7a', 'Fev', 'Etv4', 'Erg', 'Ets1', 'Etv5', 'Etv3', 'Fli1', 'Etv2', 'Spdef', 'Erf']"
0_431,0_431,NFI,NFI/3:NFI,"['Nfia', 'Nfic']"
0_433,0_433,C2H2,KLF/SP/2:C2H2,"['Egr1', 'Egr2', 'Zbt17', 'Sp1', 'Patz1', 'Sp3', 'Vezf1', 'Klf6', 'Sp4', 'Wt1', 'Klf4', 'Sp5', 'Sp2', 'Zn281', 'Klf5', 'Klf3', 'Sall4', 'Klf1', 'Klf12', 'Rreb1']"
0_434,0_434,C2H2,CTCF:C2H2,"['Ctcfl', 'Ctcf']"
0_437,0_437,C2H2,CTCF:C2H2,"['Ctcfl', 'Ctcf']"
0_462,0_462,MADS,MEF2:MADS,"['Mef2a', 'Mef2c', 'Mef2d', 'Mef2b']"
0_484,0_484,C2H2,KLF/SP/2:C2H2,"['Egr1', 'Egr2', 'Zbt17', 'Sp1', 'Patz1', 'Sp3', 'Vezf1', 'Klf6', 'Sp4', 'Wt1', 'Klf4', 'Sp5', 'Sp2', 'Zn281', 'Klf5', 'Klf3', 'Sall4', 'Klf1', 'Klf12', 'Rreb1']"
0_485,0_485,C2H2,KLF/SP/2:C2H2,"['Egr1', 'Egr2', 'Zbt17', 'Sp1', 'Patz1', 'Sp3', 'Vezf1', 'Klf6', 'Sp4', 'Wt1', 'Klf4', 'Sp5', 'Sp2', 'Zn281', 'Klf5', 'Klf3', 'Sall4', 'Klf1', 'Klf12', 'Rreb1']"
0_493,0_493,C2H2,KLF/SP/2:C2H2,"['Egr1', 'Egr2', 'Zbt17', 'Sp1', 'Patz1', 'Sp3', 'Vezf1', 'Klf6', 'Sp4', 'Wt1', 'Klf4', 'Sp5', 'Sp2', 'Zn281', 'Klf5', 'Klf3', 'Sall4', 'Klf1', 'Klf12', 'Rreb1']"
0_495,0_495,RFX,RFX/2:RFX,"['Rfx2', 'Rfx3', 'Rfx4']"
0_500,0_500,C2H2,KLF/SP/2:C2H2,"['Egr1', 'Egr2', 'Zbt17', 'Sp1', 'Patz1', 'Sp3', 'Vezf1', 'Klf6', 'Sp4', 'Wt1', 'Klf4', 'Sp5', 'Sp2', 'Zn281', 'Klf5', 'Klf3', 'Sall4', 'Klf1', 'Klf12', 'Rreb1']"
0_508,0_508,C2H2,GC-tract:C2H2,"['Klf15', 'Maz', 'Zn467', 'Zn263', 'Zn770', 'Zn341', 'Taf1', 'Zsc22', 'Thap1', 'Znf263']"
0_514,0_514,bHLH,Ebox/CATATG:bHLH,"['Atoh1', 'Olig3', 'Olig2', 'Bhlhe22', 'Olig1', 'Neurod2', 'Bhlhe23', 'Neurog2', 'Bhlha15', 'Neurog1', 'Twist2']"
0_519,0_519,E2F,E2F/2:E2F,"['E2f1', 'Tfdp1', 'E2f4', 'E2f6', 'E2f3', 'E2f7']"
0_526,0_526,C2H2,CTCF:C2H2,"['Ctcfl', 'Ctcf']"
0_569,0_569,N/A,N/A,[]
0_574,0_574,C2H2,KLF/SP/2:C2H2,"['Egr1', 'Egr2', 'Zbt17', 'Sp1', 'Patz1', 'Sp3', 'Vezf1', 'Klf6', 'Sp4', 'Wt1', 'Klf4', 'Sp5', 'Sp2', 'Zn281', 'Klf5', 'Klf3', 'Sall4', 'Klf1', 'Klf12', 'Rreb1']"
1_8,1_8,bHLH,Ebox/CATATG:bHLH,"['Atoh1', 'Olig3', 'Olig2', 'Bhlhe22', 'Olig1', 'Neurod2', 'Bhlhe23', 'Neurog2', 'Bhlha15', 'Neurog1', 'Twist2']"
1_23,1_23,MADS,MEF2:MADS,"['Mef2a', 'Mef2c', 'Mef2d', 'Mef2b']"
1_28,1_28,RFX,RFX/2:RFX,"['Rfx2', 'Rfx3', 'Rfx4']"
1_32,1_32,homeodomain,HD/12:homeodomain,"['Pbx1', 'Pbx3', 'Pknx1', 'Pbx2']"
1_47,1_47,bHLH,Ebox/CAGATGG:bHLH,"['Atoh1', 'Ndf1', 'Ngn2', 'Ndf2', 'Olig2', 'Ptf1a', 'Twst1', 'Lyl1', 'Msgn1', 'Neurod1', 'Tal1']"
1_54,1_54,C2H2,CTCF:C2H2,"['Ctcfl', 'Ctcf']"
1_56,1_56,ETS,ETS/2:ETS,"['Ehf', 'Elf3', 'Elf5', 'Erg', 'Etv2', 'Elf2', 'Etv5', 'Ets1', 'Fli1', 'Elk4', 'Etv4', 'Etv6', 'Ets2', 'Fev']"
1_58,1_58,RFX,RFX/1:RFX,"['Rfx1', 'Rfx2', 'Rfx3', 'Rfx4', 'Rfx5']"
1_68,1_68,homeodomain,HD/12:homeodomain,"['Pbx1', 'Pbx3', 'Pknx1', 'Pbx2']"
1_88,1_88,homeodomain,HD/12:homeodomain,"['Pbx1', 'Pbx3', 'Pknx1', 'Pbx2']"
1_89,1_89,N/A,N/A,[]
1_99,1_99,TBX,TBX/2:TBX,"['Mga', 'Tbx21', 'Tbx4', 'Tbx5', 'Tbx2']"
1_113,1_113,bHLH,Ebox/CATATG:bHLH,"['Atoh1', 'Olig3', 'Olig2', 'Bhlhe22', 'Olig1', 'Neurod2', 'Bhlhe23', 'Neurog2', 'Bhlha15', 'Neurog1', 'Twist2']"
1_118,1_118,C2H2,CTCF:C2H2,"['Ctcfl', 'Ctcf']"
1_127,1_127,C2H2,CTCF:C2H2,"['Ctcfl', 'Ctcf']"
1_134,1_134,NFI,NFI/3:NFI,"['Nfia', 'Nfic']"
1_135,1_135,N/A,N/A,[]
1_152,1_152,RFX,RFX/2:RFX,"['Rfx2', 'Rfx3', 'Rfx4']"
1_160,1_160,C2H2,GC-tract:C2H2,"['Klf15', 'Maz', 'Zn467', 'Zn263', 'Zn770', 'Zn341', 'Taf1', 'Zsc22', 'Thap1', 'Znf263']"
1_163,1_163,homeodomain,HD/12:homeodomain,"['Pbx1', 'Pbx3', 'Pknx1', 'Pbx2']"
1_171,1_171,MADS,MEF2:MADS,"['Mef2a', 'Mef2c', 'Mef2d', 'Mef2b']"
1_178,1_178,C2H2,KLF/SP/2:C2H2,"['Egr1', 'Egr2', 'Zbt17', 'Sp1', 'Patz1', 'Sp3', 'Vezf1', 'Klf6', 'Sp4', 'Wt1', 'Klf4', 'Sp5', 'Sp2', 'Zn281', 'Klf5', 'Klf3', 'Sall4', 'Klf1', 'Klf12', 'Rreb1']"
1_188,1_188,C2H2,CTCF:C2H2,"['Ctcfl', 'Ctcf']"
1_189,1_189,RFX,RFX/2:RFX,"['Rfx2', 'Rfx3', 'Rfx4']"
1_193,1_193,C2H2,GC-tract:C2H2,"['Klf15', 'Maz', 'Zn467', 'Zn263', 'Zn770', 'Zn341', 'Taf1', 'Zsc22', 'Thap1', 'Znf263']"
1_214,1_214,C2H2,CTCF:C2H2,"['Ctcfl', 'Ctcf']"
1_232,1_232,RFX,RFX/3:RFX,"['Rfx5', 'Rfx6']"
1_252,1_252,NFI,NFI/3:NFI,"['Nfia', 'Nfic']"
1_255,1_255,C2H2,GC-tract:C2H2,"['Klf15', 'Maz', 'Zn467', 'Zn263', 'Zn770', 'Zn341', 'Taf1', 'Zsc22', 'Thap1', 'Znf263']"
1_264,1_264,N/A,N/A,[]
1_266,1_266,C2H2,GC-tract:C2H2,"['Klf15', 'Maz', 'Zn467', 'Zn263', 'Zn770', 'Zn341', 'Taf1', 'Zsc22', 'Thap1', 'Znf263']"
1_277,1_277,bHLH,Ebox/CAGATGG:bHLH,"['Atoh1', 'Ndf1', 'Ngn2', 'Ndf2', 'Olig2', 'Ptf1a', 'Twst1', 'Lyl1', 'Msgn1', 'Neurod1', 'Tal1']"
1_283,1_283,bHLH,Ebox/CAGCTG:bHLH,"['Ascl1', 'Ascl2', 'Myog', 'Myf6', 'Myod1', 'Bha15', 'Tfe2', 'Tfap4', 'Zbt18', 'Tcf12', 'Nhlh1', 'Twist1', 'Msc', 'Zbtb18', 'Tcf21', 'Znf238']"
1_288,1_288,bHLH,Ebox/CATATG:bHLH,"['Atoh1', 'Olig3', 'Olig2', 'Bhlhe22', 'Olig1', 'Neurod2', 'Bhlhe23', 'Neurog2', 'Bhlha15', 'Neurog1', 'Twist2']"
1_295,1_295,C2H2,EGR:C2H2,"['Egr3', 'Egr1', 'Egr4', 'Egr2']"
1_312,1_312,homeodomain,HD/14:homeodomain,"['Hxa10', 'Hxa9', 'Hxc9', 'Meis1', 'Hoxc9', 'Hoxa9']"
1_317,1_317,C2H2,KLF/SP/2:C2H2,"['Egr1', 'Egr2', 'Zbt17', 'Sp1', 'Patz1', 'Sp3', 'Vezf1', 'Klf6', 'Sp4', 'Wt1', 'Klf4', 'Sp5', 'Sp2', 'Zn281', 'Klf5', 'Klf3', 'Sall4', 'Klf1', 'Klf12', 'Rreb1']"
1_333,1_333,RFX,RFX/2:RFX,"['Rfx2', 'Rfx3', 'Rfx4']"
1_345,1_345,E2F,E2F/2:E2F,"['E2f1', 'Tfdp1', 'E2f4', 'E2f6', 'E2f3', 'E2f7']"
1_361,1_361,C2H2,GC-tract:C2H2,"['Klf15', 'Maz', 'Zn467', 'Zn263', 'Zn770', 'Zn341', 'Taf1', 'Zsc22', 'Thap1', 'Znf263']"
1_362,1_362,C2H2,KLF/SP/2:C2H2,"['Egr1', 'Egr2', 'Zbt17', 'Sp1', 'Patz1', 'Sp3', 'Vezf1', 'Klf6', 'Sp4', 'Wt1', 'Klf4', 'Sp5', 'Sp2', 'Zn281', 'Klf5', 'Klf3', 'Sall4', 'Klf1', 'Klf12', 'Rreb1']"
1_369,1_369,C2H2,KLF/SP/2:C2H2,"['Egr1', 'Egr2', 'Zbt17', 'Sp1', 'Patz1', 'Sp3', 'Vezf1', 'Klf6', 'Sp4', 'Wt1', 'Klf4', 'Sp5', 'Sp2', 'Zn281', 'Klf5', 'Klf3', 'Sall4', 'Klf1', 'Klf12', 'Rreb1']"
1_385,1_385,NFI,NFI/1:NFI,"['Nfib', 'Nfic', 'Nfix', 'Nfia']"
1_420,1_420,NFY,NFY:NFY,"['Foxi1', 'Pbx3', 'Nfyc', 'Nfya', 'Nfyb', 'Dux']"
1_424,1_424,C2H2,KLF/SP/2:C2H2,"['Egr1', 'Egr2', 'Zbt17', 'Sp1', 'Patz1', 'Sp3', 'Vezf1', 'Klf6', 'Sp4', 'Wt1', 'Klf4', 'Sp5', 'Sp2', 'Zn281', 'Klf5', 'Klf3', 'Sall4', 'Klf1', 'Klf12', 'Rreb1']"
1_427,1_427,C2H2,KLF/SP/2:C2H2,"['Egr1', 'Egr2', 'Zbt17', 'Sp1', 'Patz1', 'Sp3', 'Vezf1', 'Klf6', 'Sp4', 'Wt1', 'Klf4', 'Sp5', 'Sp2', 'Zn281', 'Klf5', 'Klf3', 'Sall4', 'Klf1', 'Klf12', 'Rreb1']"
1_432,1_432,RFX,RFX/2:RFX,"['Rfx2', 'Rfx3', 'Rfx4']"
1_471,1_471,bHLH,Ebox/CATATG:bHLH,"['Atoh1', 'Olig3', 'Olig2', 'Bhlhe22', 'Olig1', 'Neurod2', 'Bhlhe23', 'Neurog2', 'Bhlha15', 'Neurog1', 'Twist2']"
1_474,1_474,C2H2,GC-tract:C2H2,"['Klf15', 'Maz', 'Zn467', 'Zn263', 'Zn770', 'Zn341', 'Taf1', 'Zsc22', 'Thap1', 'Znf263']"
1_476,1_476,E2F,E2F/2:E2F,"['E2f1', 'Tfdp1', 'E2f4', 'E2f6', 'E2f3', 'E2f7']"
1_480,1_480,C2H2,KLF/SP/2:C2H2,"['Egr1', 'Egr2', 'Zbt17', 'Sp1', 'Patz1', 'Sp3', 'Vezf1', 'Klf6', 'Sp4', 'Wt1', 'Klf4', 'Sp5', 'Sp2', 'Zn281', 'Klf5', 'Klf3', 'Sall4', 'Klf1', 'Klf12', 'Rreb1']"
1_492,1_492,RFX,RFX/2:RFX,"['Rfx2', 'Rfx3', 'Rfx4']"
1_502,1_502,C2H2,KLF/SP/2:C2H2,"['Egr1', 'Egr2', 'Zbt17', 'Sp1', 'Patz1', 'Sp3', 'Vezf1', 'Klf6', 'Sp4', 'Wt1', 'Klf4', 'Sp5', 'Sp2', 'Zn281', 'Klf5', 'Klf3', 'Sall4', 'Klf1', 'Klf12', 'Rreb1']"
1_512,1_512,C2H2,KLF/SP/2:C2H2,"['Egr1', 'Egr2', 'Zbt17', 'Sp1', 'Patz1', 'Sp3', 'Vezf1', 'Klf6', 'Sp4', 'Wt1', 'Klf4', 'Sp5', 'Sp2', 'Zn281', 'Klf5', 'Klf3', 'Sall4', 'Klf1', 'Klf12', 'Rreb1']"
1_529,1_529,MADS,MEF2:MADS,"['Mef2a', 'Mef2c', 'Mef2d', 'Mef2b']"
1_534,1_534,C2H2,CTCF:C2H2,"['Ctcfl', 'Ctcf']"
1_548,1_548,C2H2,KLF/SP/2:C2H2,"['Egr1', 'Egr2', 'Zbt17', 'Sp1', 'Patz1', 'Sp3', 'Vezf1', 'Klf6', 'Sp4', 'Wt1', 'Klf4', 'Sp5', 'Sp2', 'Zn281', 'Klf5', 'Klf3', 'Sall4', 'Klf1', 'Klf12', 'Rreb1']"
1_551,1_551,C2H2,CTCF:C2H2,"['Ctcfl', 'Ctcf']"
1_561,1_561,homeodomain,HD/12:homeodomain,"['Pbx1', 'Pbx3', 'Pknx1', 'Pbx2']"
1_580,1_580,ETS,ETS/1:ETS,"['Elf1', 'Elf2', 'Gabpa', 'Elk1', 'Elk4', 'Etv1', 'Ehf', 'Elf4', 'Elf3', 'Elf5', 'Etv6', 'Elk3', 'Zbtb7a', 'Fev', 'Etv4', 'Erg', 'Ets1', 'Etv5', 'Etv3', 'Fli1', 'Etv2', 'Spdef', 'Erf']"
1_594,1_594,C2H2,KLF/SP/2:C2H2,"['Egr1', 'Egr2', 'Zbt17', 'Sp1', 'Patz1', 'Sp3', 'Vezf1', 'Klf6', 'Sp4', 'Wt1', 'Klf4', 'Sp5', 'Sp2', 'Zn281', 'Klf5', 'Klf3', 'Sall4', 'Klf1', 'Klf12', 'Rreb1']"
2_5,2_5,N/A,N/A,[]
2_10,2_10,bZIP,CREB/ATF/1:bZIP,"['Atf1', 'Creb1', 'Atf2', 'Atf3', 'Crem', 'Fos', 'Fosl2', 'Fosl1', 'Jun', 'Fosb', 'Junb']"
2_12,2_12,NFI,NFI/3:NFI,"['Nfia', 'Nfic']"
2_13,2_13,bHLH,Ebox/CATATG:bHLH,"['Atoh1', 'Olig3', 'Olig2', 'Bhlhe22', 'Olig1', 'Neurod2', 'Bhlhe23', 'Neurog2', 'Bhlha15', 'Neurog1', 'Twist2']"
2_15,2_15,NFI,NFI/3:NFI,"['Nfia', 'Nfic']"
2_22,2_22,C2H2,KLF/SP/2:C2H2,"['Egr1', 'Egr2', 'Zbt17', 'Sp1', 'Patz1', 'Sp3', 'Vezf1', 'Klf6', 'Sp4', 'Wt1', 'Klf4', 'Sp5', 'Sp2', 'Zn281', 'Klf5', 'Klf3', 'Sall4', 'Klf1', 'Klf12', 'Rreb1']"
2_27,2_27,bHLH,Ebox/CATATG:bHLH,"['Atoh1', 'Olig3', 'Olig2', 'Bhlhe22', 'Olig1', 'Neurod2', 'Bhlhe23', 'Neurog2', 'Bhlha15', 'Neurog1', 'Twist2']"
2_40,2_40,C2H2,KLF/SP/2:C2H2,"['Egr1', 'Egr2', 'Zbt17', 'Sp1', 'Patz1', 'Sp3', 'Vezf1', 'Klf6', 'Sp4', 'Wt1', 'Klf4', 'Sp5', 'Sp2', 'Zn281', 'Klf5', 'Klf3', 'Sall4', 'Klf1', 'Klf12', 'Rreb1']"
2_41,2_41,homeodomain,HD/12:homeodomain,"['Pbx1', 'Pbx3', 'Pknx1', 'Pbx2']"
2_61,2_61,homeodomain,HD/12:homeodomain,"['Pbx1', 'Pbx3', 'Pknx1', 'Pbx2']"
2_65,2_65,N/A,N/A,[]
2_67,2_67,C2H2,GC-tract:C2H2,"['Klf15', 'Maz', 'Zn467', 'Zn263', 'Zn770', 'Zn341', 'Taf1', 'Zsc22', 'Thap1', 'Znf263']"
2_89,2_89,homeodomain,HD/12:homeodomain,"['Pbx1', 'Pbx3', 'Pknx1', 'Pbx2']"
2_90,2_90,RFX,RFX/1:RFX,"['Rfx1', 'Rfx2', 'Rfx3', 'Rfx4', 'Rfx5']"
2_92,2_92,bHLH,Ebox/CAGCTG:bHLH,"['Ascl1', 'Ascl2', 'Myog', 'Myf6', 'Myod1', 'Bha15', 'Tfe2', 'Tfap4', 'Zbt18', 'Tcf12', 'Nhlh1', 'Twist1', 'Msc', 'Zbtb18', 'Tcf21', 'Znf238']"
2_94,2_94,C2H2,KLF/SP/2:C2H2,"['Egr1', 'Egr2', 'Zbt17', 'Sp1', 'Patz1', 'Sp3', 'Vezf1', 'Klf6', 'Sp4', 'Wt1', 'Klf4', 'Sp5', 'Sp2', 'Zn281', 'Klf5', 'Klf3', 'Sall4', 'Klf1', 'Klf12', 'Rreb1']"
2_95,2_95,RFX,RFX/2:RFX,"['Rfx2', 'Rfx3', 'Rfx4']"
2_102,2_102,C2H2,KLF/SP/2:C2H2,"['Egr1', 'Egr2', 'Zbt17', 'Sp1', 'Patz1', 'Sp3', 'Vezf1', 'Klf6', 'Sp4', 'Wt1', 'Klf4', 'Sp5', 'Sp2', 'Zn281', 'Klf5', 'Klf3', 'Sall4', 'Klf1', 'Klf12', 'Rreb1']"
2_110,2_110,C2H2,KLF/SP/2:C2H2,"['Egr1', 'Egr2', 'Zbt17', 'Sp1', 'Patz1', 'Sp3', 'Vezf1', 'Klf6', 'Sp4', 'Wt1', 'Klf4', 'Sp5', 'Sp2', 'Zn281', 'Klf5', 'Klf3', 'Sall4', 'Klf1', 'Klf12', 'Rreb1']"
2_118,2_118,RFX,RFX/3:RFX,"['Rfx5', 'Rfx6']"
2_132,2_132,bHLH,Ebox/CACGTG/2:bHLH,"['Clock', 'Mycn', 'Myc', 'Max', 'Mxi1', 'Hes1', 'Tcfl5', 'Hes2']"
2_135,2_135,RFX,RFX/3:RFX,"['Rfx5', 'Rfx6']"
2_142,2_142,C2H2,KLF/SP/2:C2H2,"['Egr1', 'Egr2', 'Zbt17', 'Sp1', 'Patz1', 'Sp3', 'Vezf1', 'Klf6', 'Sp4', 'Wt1', 'Klf4', 'Sp5', 'Sp2', 'Zn281', 'Klf5', 'Klf3', 'Sall4', 'Klf1', 'Klf12', 'Rreb1']"
2_149,2_149,RFX,RFX/2:RFX,"['Rfx2', 'Rfx3', 'Rfx4']"
2_154,2_154,bHLH,Ebox/CAGCTG:bHLH,"['Ascl1', 'Ascl2', 'Myog', 'Myf6', 'Myod1', 'Bha15', 'Tfe2', 'Tfap4', 'Zbt18', 'Tcf12', 'Nhlh1', 'Twist1', 'Msc', 'Zbtb18', 'Tcf21', 'Znf238']"
2_156,2_156,C2H2,CTCF:C2H2,"['Ctcfl', 'Ctcf']"
2_169,2_169,bHLH,Ebox/CATATG:bHLH,"['Atoh1', 'Olig3', 'Olig2', 'Bhlhe22', 'Olig1', 'Neurod2', 'Bhlhe23', 'Neurog2', 'Bhlha15', 'Neurog1', 'Twist2']"
2_171,2_171,C2H2,CTCF:C2H2,"['Ctcfl', 'Ctcf']"
2_183,2_183,bHLH,Ebox/CATATG:bHLH,"['Atoh1', 'Olig3', 'Olig2', 'Bhlhe22', 'Olig1', 'Neurod2', 'Bhlhe23', 'Neurog2', 'Bhlha15', 'Neurog1', 'Twist2']"
2_187,2_187,C2H2,GC-tract:C2H2,"['Klf15', 'Maz', 'Zn467', 'Zn263', 'Zn770', 'Zn341', 'Taf1', 'Zsc22', 'Thap1', 'Znf263']"
2_192,2_192,C2H2,CTCF:C2H2,"['Ctcfl', 'Ctcf']"
2_194,2_194,C2H2,KLF/SP/2:C2H2,"['Egr1', 'Egr2', 'Zbt17', 'Sp1', 'Patz1', 'Sp3', 'Vezf1', 'Klf6', 'Sp4', 'Wt1', 'Klf4', 'Sp5', 'Sp2', 'Zn281', 'Klf5', 'Klf3', 'Sall4', 'Klf1', 'Klf12', 'Rreb1']"
2_197,2_197,bHLH,Ebox/CATATG:bHLH,"['Atoh1', 'Olig3', 'Olig2', 'Bhlhe22', 'Olig1', 'Neurod2', 'Bhlhe23', 'Neurog2', 'Bhlha15', 'Neurog1', 'Twist2']"
2_198,2_198,RFX,RFX/2:RFX,"['Rfx2', 'Rfx3', 'Rfx4']"
2_207,2_207,RFX,RFX/3:RFX,"['Rfx5', 'Rfx6']"
2_215,2_215,C2H2,KLF/SP/2:C2H2,"['Egr1', 'Egr2', 'Zbt17', 'Sp1', 'Patz1', 'Sp3', 'Vezf1', 'Klf6', 'Sp4', 'Wt1', 'Klf4', 'Sp5', 'Sp2', 'Zn281', 'Klf5', 'Klf3', 'Sall4', 'Klf1', 'Klf12', 'Rreb1']"
2_219,2_219,C2H2,KLF/SP/2:C2H2,"['Egr1', 'Egr2', 'Zbt17', 'Sp1', 'Patz1', 'Sp3', 'Vezf1', 'Klf6', 'Sp4', 'Wt1', 'Klf4', 'Sp5', 'Sp2', 'Zn281', 'Klf5', 'Klf3', 'Sall4', 'Klf1', 'Klf12', 'Rreb1']"
2_221,2_221,C2H2,KLF/SP/2:C2H2,"['Egr1', 'Egr2', 'Zbt17', 'Sp1', 'Patz1', 'Sp3', 'Vezf1', 'Klf6', 'Sp4', 'Wt1', 'Klf4', 'Sp5', 'Sp2', 'Zn281', 'Klf5', 'Klf3', 'Sall4', 'Klf1', 'Klf12', 'Rreb1']"
2_225,2_225,C2H2,CTCF:C2H2,"['Ctcfl', 'Ctcf']"
2_233,2_233,C2H2,CTCF:C2H2,"['Ctcfl', 'Ctcf']"
2_237,2_237,C2H2,KLF/SP/2:C2H2,"['Egr1', 'Egr2', 'Zbt17', 'Sp1', 'Patz1', 'Sp3', 'Vezf1', 'Klf6', 'Sp4', 'Wt1', 'Klf4', 'Sp5', 'Sp2', 'Zn281', 'Klf5', 'Klf3', 'Sall4', 'Klf1', 'Klf12', 'Rreb1']"
2_246,2_246,E2F,E2F/2:E2F,"['E2f1', 'Tfdp1', 'E2f4', 'E2f6', 'E2f3', 'E2f7']"
2_254,2_254,C2H2,KLF/SP/2:C2H2,"['Egr1', 'Egr2', 'Zbt17', 'Sp1', 'Patz1', 'Sp3', 'Vezf1', 'Klf6', 'Sp4', 'Wt1', 'Klf4', 'Sp5', 'Sp2', 'Zn281', 'Klf5', 'Klf3', 'Sall4', 'Klf1', 'Klf12', 'Rreb1']"
2_256,2_256,bHLH,Ebox/CATATG:bHLH,"['Atoh1', 'Olig3', 'Olig2', 'Bhlhe22', 'Olig1', 'Neurod2', 'Bhlhe23', 'Neurog2', 'Bhlha15', 'Neurog1', 'Twist2']"
2_261,2_261,NFI,NFI/3:NFI,"['Nfia', 'Nfic']"
2_274,2_274,C2H2,CTCF:C2H2,"['Ctcfl', 'Ctcf']"
2_278,2_278,C2H2,KLF/SP/2:C2H2,"['Egr1', 'Egr2', 'Zbt17', 'Sp1', 'Patz1', 'Sp3', 'Vezf1', 'Klf6', 'Sp4', 'Wt1', 'Klf4', 'Sp5', 'Sp2', 'Zn281', 'Klf5', 'Klf3', 'Sall4', 'Klf1', 'Klf12', 'Rreb1']"
2_289,2_289,N/A,N/A,[]
2_295,2_295,C2H2,GC-tract:C2H2,"['Klf15', 'Maz', 'Zn467', 'Zn263', 'Zn770', 'Zn341', 'Taf1', 'Zsc22', 'Thap1', 'Znf263']"
2_302,2_302,C2H2,KLF/SP/2:C2H2,"['Egr1', 'Egr2', 'Zbt17', 'Sp1', 'Patz1', 'Sp3', 'Vezf1', 'Klf6', 'Sp4', 'Wt1', 'Klf4', 'Sp5', 'Sp2', 'Zn281', 'Klf5', 'Klf3', 'Sall4', 'Klf1', 'Klf12', 'Rreb1']"
2_307,2_307,MEIS,MIES:MEIS,"['Tgif1', 'Meis2', 'Meis1', 'Meis3', 'Tgif2', 'Pknox1', 'Pknox2', 'Tgif2lx']"
2_314,2_314,C2H2,KLF/SP/2:C2H2,"['Egr1', 'Egr2', 'Zbt17', 'Sp1', 'Patz1', 'Sp3', 'Vezf1', 'Klf6', 'Sp4', 'Wt1', 'Klf4', 'Sp5', 'Sp2', 'Zn281', 'Klf5', 'Klf3', 'Sall4', 'Klf1', 'Klf12', 'Rreb1']"
2_320,2_320,C2H2,KLF/SP/2:C2H2,"['Egr1', 'Egr2', 'Zbt17', 'Sp1', 'Patz1', 'Sp3', 'Vezf1', 'Klf6', 'Sp4', 'Wt1', 'Klf4', 'Sp5', 'Sp2', 'Zn281', 'Klf5', 'Klf3', 'Sall4', 'Klf1', 'Klf12', 'Rreb1']"
2_328,2_328,MADS,MEF2:MADS,"['Mef2a', 'Mef2c', 'Mef2d', 'Mef2b']"
2_334,2_334,bHLH,Ebox/CAGATGG:bHLH,"['Atoh1', 'Ndf1', 'Ngn2', 'Ndf2', 'Olig2', 'Ptf1a', 'Twst1', 'Lyl1', 'Msgn1', 'Neurod1', 'Tal1']"
2_343,2_343,bHLH,Ebox/CAGATGG:bHLH,"['Atoh1', 'Ndf1', 'Ngn2', 'Ndf2', 'Olig2', 'Ptf1a', 'Twst1', 'Lyl1', 'Msgn1', 'Neurod1', 'Tal1']"
2_344,2_344,C2H2,CTCF:C2H2,"['Ctcfl', 'Ctcf']"
2_345,2_345,C2H2,CTCF:C2H2,"['Ctcfl', 'Ctcf']"
2_347,2_347,C2H2,KLF/SP/2:C2H2,"['Egr1', 'Egr2', 'Zbt17', 'Sp1', 'Patz1', 'Sp3', 'Vezf1', 'Klf6', 'Sp4', 'Wt1', 'Klf4', 'Sp5', 'Sp2', 'Zn281', 'Klf5', 'Klf3', 'Sall4', 'Klf1', 'Klf12', 'Rreb1']"
2_348,2_348,C2H2,KLF/SP/2:C2H2,"['Egr1', 'Egr2', 'Zbt17', 'Sp1', 'Patz1', 'Sp3', 'Vezf1', 'Klf6', 'Sp4', 'Wt1', 'Klf4', 'Sp5', 'Sp2', 'Zn281', 'Klf5', 'Klf3', 'Sall4', 'Klf1', 'Klf12', 'Rreb1']"
2_356,2_356,RFX,RFX/2:RFX,"['Rfx2', 'Rfx3', 'Rfx4']"
2_360,2_360,RFX,RFX/2:RFX,"['Rfx2', 'Rfx3', 'Rfx4']"
2_363,2_363,E2F,E2F/2:E2F,"['E2f1', 'Tfdp1', 'E2f4', 'E2f6', 'E2f3', 'E2f7']"
2_367,2_367,bHLH,Ebox/CATATG:bHLH,"['Atoh1', 'Olig3', 'Olig2', 'Bhlhe22', 'Olig1', 'Neurod2', 'Bhlhe23', 'Neurog2', 'Bhlha15', 'Neurog1', 'Twist2']"
2_382,2_382,N/A,N/A,[]
2_387,2_387,N/A,N/A,[]
2_394,2_394,C2H2,CTCF:C2H2,"['Ctcfl', 'Ctcf']"
2_396,2_396,C2H2,KLF/SP/2:C2H2,"['Egr1', 'Egr2', 'Zbt17', 'Sp1', 'Patz1', 'Sp3', 'Vezf1', 'Klf6', 'Sp4', 'Wt1', 'Klf4', 'Sp5', 'Sp2', 'Zn281', 'Klf5', 'Klf3', 'Sall4', 'Klf1', 'Klf12', 'Rreb1']"
2_401,2_401,bHLH,Ebox/CATATG:bHLH,"['Atoh1', 'Olig3', 'Olig2', 'Bhlhe22', 'Olig1', 'Neurod2', 'Bhlhe23', 'Neurog2', 'Bhlha15', 'Neurog1', 'Twist2']"
2_402,2_402,homeodomain,HD/12:homeodomain,"['Pbx1', 'Pbx3', 'Pknx1', 'Pbx2']"
2_417,2_417,C2H2,CTCF:C2H2,"['Ctcfl', 'Ctcf']"
2_418,2_418,C2H2,GC-tract:C2H2,"['Klf15', 'Maz', 'Zn467', 'Zn263', 'Zn770', 'Zn341', 'Taf1', 'Zsc22', 'Thap1', 'Znf263']"
2_420,2_420,bHLH,Ebox/CAGATGG:bHLH,"['Atoh1', 'Ndf1', 'Ngn2', 'Ndf2', 'Olig2', 'Ptf1a', 'Twst1', 'Lyl1', 'Msgn1', 'Neurod1', 'Tal1']"
2_421,2_421,C2H2,PLAG1:C2H2,['Plag1']
2_423,2_423,C2H2,KLF/SP/2:C2H2,"['Egr1', 'Egr2', 'Zbt17', 'Sp1', 'Patz1', 'Sp3', 'Vezf1', 'Klf6', 'Sp4', 'Wt1', 'Klf4', 'Sp5', 'Sp2', 'Zn281', 'Klf5', 'Klf3', 'Sall4', 'Klf1', 'Klf12', 'Rreb1']"
2_425,2_425,bHLH,Ebox/CATATG:bHLH,"['Atoh1', 'Olig3', 'Olig2', 'Bhlhe22', 'Olig1', 'Neurod2', 'Bhlhe23', 'Neurog2', 'Bhlha15', 'Neurog1', 'Twist2']"
2_431,2_431,RFX,RFX/2:RFX,"['Rfx2', 'Rfx3', 'Rfx4']"
2_439,2_439,C2H2,CTCF:C2H2,"['Ctcfl', 'Ctcf']"
2_450,2_450,bHLH,Ebox/CATATG:bHLH,"['Atoh1', 'Olig3', 'Olig2', 'Bhlhe22', 'Olig1', 'Neurod2', 'Bhlhe23', 'Neurog2', 'Bhlha15', 'Neurog1', 'Twist2']"
2_452,2_452,C2H2,GC-tract:C2H2,"['Klf15', 'Maz', 'Zn467', 'Zn263', 'Zn770', 'Zn341', 'Taf1', 'Zsc22', 'Thap1', 'Znf263']"
2_462,2_462,NFI,NFI/1:NFI,"['Nfib', 'Nfic', 'Nfix', 'Nfia']"
2_463,2_463,E2F,E2F/4:E2F,"['E2f2', 'E2f5']"
2_465,2_465,C2H2,KLF/SP/2:C2H2,"['Egr1', 'Egr2', 'Zbt17', 'Sp1', 'Patz1', 'Sp3', 'Vezf1', 'Klf6', 'Sp4', 'Wt1', 'Klf4', 'Sp5', 'Sp2', 'Zn281', 'Klf5', 'Klf3', 'Sall4', 'Klf1', 'Klf12', 'Rreb1']"
2_475,2_475,RFX,RFX/3:RFX,"['Rfx5', 'Rfx6']"
2_477,2_477,C2H2,CTCF:C2H2,"['Ctcfl', 'Ctcf']"
2_482,2_482,N/A,N/A,[]
2_485,2_485,C2H2,CTCF:C2H2,"['Ctcfl', 'Ctcf']"
2_499,2_499,bHLH,Ebox/CATATG:bHLH,"['Atoh1', 'Olig3', 'Olig2', 'Bhlhe22', 'Olig1', 'Neurod2', 'Bhlhe23', 'Neurog2', 'Bhlha15', 'Neurog1', 'Twist2']"
2_500,2_500,RFX,RFX/2:RFX,"['Rfx2', 'Rfx3', 'Rfx4']"
2_502,2_502,C2H2,KLF/SP/3:C2H2,['Klf8']
2_506,2_506,C2H2,CTCF:C2H2,"['Ctcfl', 'Ctcf']"
2_509,2_509,RFX,RFX/1:RFX,"['Rfx1', 'Rfx2', 'Rfx3', 'Rfx4', 'Rfx5']"
2_510,2_510,homeodomain,HD/12:homeodomain,"['Pbx1', 'Pbx3', 'Pknx1', 'Pbx2']"
2_512,2_512,C2H2,KLF/SP/2:C2H2,"['Egr1', 'Egr2', 'Zbt17', 'Sp1', 'Patz1', 'Sp3', 'Vezf1', 'Klf6', 'Sp4', 'Wt1', 'Klf4', 'Sp5', 'Sp2', 'Zn281', 'Klf5', 'Klf3', 'Sall4', 'Klf1', 'Klf12', 'Rreb1']"
2_513,2_513,C2H2,KLF/SP/2:C2H2,"['Egr1', 'Egr2', 'Zbt17', 'Sp1', 'Patz1', 'Sp3', 'Vezf1', 'Klf6', 'Sp4', 'Wt1', 'Klf4', 'Sp5', 'Sp2', 'Zn281', 'Klf5', 'Klf3', 'Sall4', 'Klf1', 'Klf12', 'Rreb1']"
2_516,2_516,C2H2,CTCF:C2H2,"['Ctcfl', 'Ctcf']"
2_517,2_517,bHLH,Ebox/CATATG:bHLH,"['Atoh1', 'Olig3', 'Olig2', 'Bhlhe22', 'Olig1', 'Neurod2', 'Bhlhe23', 'Neurog2', 'Bhlha15', 'Neurog1', 'Twist2']"
2_524,2_524,C2H2,GC-tract:C2H2,"['Klf15', 'Maz', 'Zn467', 'Zn263', 'Zn770', 'Zn341', 'Taf1', 'Zsc22', 'Thap1', 'Znf263']"
2_525,2_525,homeodomain,HD/14:homeodomain,"['Hxa10', 'Hxa9', 'Hxc9', 'Meis1', 'Hoxc9', 'Hoxa9']"
2_529,2_529,RFX,RFX/2:RFX,"['Rfx2', 'Rfx3', 'Rfx4']"
2_543,2_543,RFX,RFX/1:RFX,"['Rfx1', 'Rfx2', 'Rfx3', 'Rfx4', 'Rfx5']"
2_559,2_559,bHLH,Ebox/CATATG:bHLH,"['Atoh1', 'Olig3', 'Olig2', 'Bhlhe22', 'Olig1', 'Neurod2', 'Bhlhe23', 'Neurog2', 'Bhlha15', 'Neurog1', 'Twist2']"
2_561,2_561,C2H2,KLF/SP/2:C2H2,"['Egr1', 'Egr2', 'Zbt17', 'Sp1', 'Patz1', 'Sp3', 'Vezf1', 'Klf6', 'Sp4', 'Wt1', 'Klf4', 'Sp5', 'Sp2', 'Zn281', 'Klf5', 'Klf3', 'Sall4', 'Klf1', 'Klf12', 'Rreb1']"
2_563,2_563,C2H2,GC-tract:C2H2,"['Klf15', 'Maz', 'Zn467', 'Zn263', 'Zn770', 'Zn341', 'Taf1', 'Zsc22', 'Thap1', 'Znf263']"
2_564,2_564,C2H2,KLF/SP/2:C2H2,"['Egr1', 'Egr2', 'Zbt17', 'Sp1', 'Patz1', 'Sp3', 'Vezf1', 'Klf6', 'Sp4', 'Wt1', 'Klf4', 'Sp5', 'Sp2', 'Zn281', 'Klf5', 'Klf3', 'Sall4', 'Klf1', 'Klf12', 'Rreb1']"
2_574,2_574,NFI,NFI/3:NFI,"['Nfia', 'Nfic']"
2_581,2_581,ETS,ETS/2:ETS,"['Ehf', 'Elf3', 'Elf5', 'Erg', 'Etv2', 'Elf2', 'Etv5', 'Ets1', 'Fli1', 'Elk4', 'Etv4', 'Etv6', 'Ets2', 'Fev']"
2_585,2_585,RFX,RFX/1:RFX,"['Rfx1', 'Rfx2', 'Rfx3', 'Rfx4', 'Rfx5']"
2_595,2_595,RFX,RFX/1:RFX,"['Rfx1', 'Rfx2', 'Rfx3', 'Rfx4', 'Rfx5']"
2_599,2_599,POU,POU/3:POU,"['Pit1', 'Po3f1', 'Po3f2', 'Pou2f3', 'Pou5f1p1', 'Pou2f1', 'Pou2f2', 'Pou3f3']"
3_16,3_16,bHLH,Ebox/CATATG:bHLH,"['Atoh1', 'Olig3', 'Olig2', 'Bhlhe22', 'Olig1', 'Neurod2', 'Bhlhe23', 'Neurog2', 'Bhlha15', 'Neurog1', 'Twist2']"
3_24,3_24,homeodomain,HD/12:homeodomain,"['Pbx1', 'Pbx3', 'Pknx1', 'Pbx2']"
3_25,3_25,bHLH,Ebox/CAGCTG:bHLH,"['Ascl1', 'Ascl2', 'Myog', 'Myf6', 'Myod1', 'Bha15', 'Tfe2', 'Tfap4', 'Zbt18', 'Tcf12', 'Nhlh1', 'Twist1', 'Msc', 'Zbtb18', 'Tcf21', 'Znf238']"
3_42,3_42,bHLH,Ebox/CATATG:bHLH,"['Atoh1', 'Olig3', 'Olig2', 'Bhlhe22', 'Olig1', 'Neurod2', 'Bhlhe23', 'Neurog2', 'Bhlha15', 'Neurog1', 'Twist2']"
3_44,3_44,RFX,RFX/2:RFX,"['Rfx2', 'Rfx3', 'Rfx4']"
3_56,3_56,C2H2,GC-tract:C2H2,"['Klf15', 'Maz', 'Zn467', 'Zn263', 'Zn770', 'Zn341', 'Taf1', 'Zsc22', 'Thap1', 'Znf263']"
3_73,3_73,RFX,RFX/2:RFX,"['Rfx2', 'Rfx3', 'Rfx4']"
3_75,3_75,NFI,NFI/3:NFI,"['Nfia', 'Nfic']"
3_89,3_89,C2H2,CTCF:C2H2,"['Ctcfl', 'Ctcf']"
3_94,3_94,RFX,RFX/2:RFX,"['Rfx2', 'Rfx3', 'Rfx4']"
3_96,3_96,bZIP,CREB/ATF/2:bZIP,"['Atf7', 'Creb5', 'Jdp2', 'Batf3', 'Jund', 'Jun', 'Creb3', 'Xbp1', 'Mafb']"
3_120,3_120,C2H2,CTCF:C2H2,"['Ctcfl', 'Ctcf']"
3_123,3_123,C2H2,KLF/SP/2:C2H2,"['Egr1', 'Egr2', 'Zbt17', 'Sp1', 'Patz1', 'Sp3', 'Vezf1', 'Klf6', 'Sp4', 'Wt1', 'Klf4', 'Sp5', 'Sp2', 'Zn281', 'Klf5', 'Klf3', 'Sall4', 'Klf1', 'Klf12', 'Rreb1']"
3_127,3_127,C2H2,KLF/SP/2:C2H2,"['Egr1', 'Egr2', 'Zbt17', 'Sp1', 'Patz1', 'Sp3', 'Vezf1', 'Klf6', 'Sp4', 'Wt1', 'Klf4', 'Sp5', 'Sp2', 'Zn281', 'Klf5', 'Klf3', 'Sall4', 'Klf1', 'Klf12', 'Rreb1']"
3_131,3_131,bHLH,Ebox/CATATG:bHLH,"['Atoh1', 'Olig3', 'Olig2', 'Bhlhe22', 'Olig1', 'Neurod2', 'Bhlhe23', 'Neurog2', 'Bhlha15', 'Neurog1', 'Twist2']"
3_138,3_138,RFX,RFX/2:RFX,"['Rfx2', 'Rfx3', 'Rfx4']"
3_140,3_140,homeodomain,HD/12:homeodomain,"['Pbx1', 'Pbx3', 'Pknx1', 'Pbx2']"
3_144,3_144,C2H2,KLF/SP/2:C2H2,"['Egr1', 'Egr2', 'Zbt17', 'Sp1', 'Patz1', 'Sp3', 'Vezf1', 'Klf6', 'Sp4', 'Wt1', 'Klf4', 'Sp5', 'Sp2', 'Zn281', 'Klf5', 'Klf3', 'Sall4', 'Klf1', 'Klf12', 'Rreb1']"
3_163,3_163,bHLH,Ebox/CACGTG/2:bHLH,"['Clock', 'Mycn', 'Myc', 'Max', 'Mxi1', 'Hes1', 'Tcfl5', 'Hes2']"
3_194,3_194,homeodomain,HD/12:homeodomain,"['Pbx1', 'Pbx3', 'Pknx1', 'Pbx2']"
3_198,3_198,TBX,TBX/2:TBX,"['Mga', 'Tbx21', 'Tbx4', 'Tbx5', 'Tbx2']"
3_215,3_215,bHLH,Ebox/CATATG:bHLH,"['Atoh1', 'Olig3', 'Olig2', 'Bhlhe22', 'Olig1', 'Neurod2', 'Bhlhe23', 'Neurog2', 'Bhlha15', 'Neurog1', 'Twist2']"
3_228,3_228,C2H2,KLF/SP/2:C2H2,"['Egr1', 'Egr2', 'Zbt17', 'Sp1', 'Patz1', 'Sp3', 'Vezf1', 'Klf6', 'Sp4', 'Wt1', 'Klf4', 'Sp5', 'Sp2', 'Zn281', 'Klf5', 'Klf3', 'Sall4', 'Klf1', 'Klf12', 'Rreb1']"
3_234,3_234,N/A,N/A,[]
3_239,3_239,NFI,NFI/3:NFI,"['Nfia', 'Nfic']"
3_245,3_245,bHLH,Ebox/CATATG:bHLH,"['Atoh1', 'Olig3', 'Olig2', 'Bhlhe22', 'Olig1', 'Neurod2', 'Bhlhe23', 'Neurog2', 'Bhlha15', 'Neurog1', 'Twist2']"
3_247,3_247,C2H2,KLF/SP/2:C2H2,"['Egr1', 'Egr2', 'Zbt17', 'Sp1', 'Patz1', 'Sp3', 'Vezf1', 'Klf6', 'Sp4', 'Wt1', 'Klf4', 'Sp5', 'Sp2', 'Zn281', 'Klf5', 'Klf3', 'Sall4', 'Klf1', 'Klf12', 'Rreb1']"
3_249,3_249,C2H2,CTCF:C2H2,"['Ctcfl', 'Ctcf']"
3_250,3_250,C2H2,KLF/SP/2:C2H2,"['Egr1', 'Egr2', 'Zbt17', 'Sp1', 'Patz1', 'Sp3', 'Vezf1', 'Klf6', 'Sp4', 'Wt1', 'Klf4', 'Sp5', 'Sp2', 'Zn281', 'Klf5', 'Klf3', 'Sall4', 'Klf1', 'Klf12', 'Rreb1']"
3_279,3_279,C2H2,CTCF:C2H2,"['Ctcfl', 'Ctcf']"
3_294,3_294,RFX,RFX/2:RFX,"['Rfx2', 'Rfx3', 'Rfx4']"
3_298,3_298,C2H2,KLF/SP/2:C2H2,"['Egr1', 'Egr2', 'Zbt17', 'Sp1', 'Patz1', 'Sp3', 'Vezf1', 'Klf6', 'Sp4', 'Wt1', 'Klf4', 'Sp5', 'Sp2', 'Zn281', 'Klf5', 'Klf3', 'Sall4', 'Klf1', 'Klf12', 'Rreb1']"
3_301,3_301,homeodomain,HD/12:homeodomain,"['Pbx1', 'Pbx3', 'Pknx1', 'Pbx2']"
3_308,3_308,NFI,NFI/3:NFI,"['Nfia', 'Nfic']"
3_333,3_333,bHLH,Ebox/CACGTG/1:bHLH,"['Usf1', 'Tfe3', 'Usf2', 'Bhe40', 'Tfeb', 'Mitf', 'Bmal1', 'Bhlhe41', 'Srebf2', 'Srebf1', 'Mlx', 'Bhlhe40', 'Mlxipl', 'Arnt', 'Arntl', 'Tfec', 'Hey1', 'Hey2', 'Id2', 'Max', 'Mnt', 'Mlxip', 'Npas2', 'Creb3l2', 'Hes7', 'Clock', 'Hes5', 'Bhlhb2', 'Bhlhb3', 'Creb3l1']"
3_336,3_336,C2H2,CTCF:C2H2,"['Ctcfl', 'Ctcf']"
3_347,3_347,ETS,ETS/1:ETS,"['Elf1', 'Elf2', 'Gabpa', 'Elk1', 'Elk4', 'Etv1', 'Ehf', 'Elf4', 'Elf3', 'Elf5', 'Etv6', 'Elk3', 'Zbtb7a', 'Fev', 'Etv4', 'Erg', 'Ets1', 'Etv5', 'Etv3', 'Fli1', 'Etv2', 'Spdef', 'Erf']"
3_348,3_348,C2H2,KLF/SP/2:C2H2,"['Egr1', 'Egr2', 'Zbt17', 'Sp1', 'Patz1', 'Sp3', 'Vezf1', 'Klf6', 'Sp4', 'Wt1', 'Klf4', 'Sp5', 'Sp2', 'Zn281', 'Klf5', 'Klf3', 'Sall4', 'Klf1', 'Klf12', 'Rreb1']"
3_351,3_351,C2H2,KLF/SP/2:C2H2,"['Egr1', 'Egr2', 'Zbt17', 'Sp1', 'Patz1', 'Sp3', 'Vezf1', 'Klf6', 'Sp4', 'Wt1', 'Klf4', 'Sp5', 'Sp2', 'Zn281', 'Klf5', 'Klf3', 'Sall4', 'Klf1', 'Klf12', 'Rreb1']"
3_363,3_363,C2H2,KLF/SP/2:C2H2,"['Egr1', 'Egr2', 'Zbt17', 'Sp1', 'Patz1', 'Sp3', 'Vezf1', 'Klf6', 'Sp4', 'Wt1', 'Klf4', 'Sp5', 'Sp2', 'Zn281', 'Klf5', 'Klf3', 'Sall4', 'Klf1', 'Klf12', 'Rreb1']"
3_364,3_364,N/A,N/A,[]
3_372,3_372,homeodomain,HD/12:homeodomain,"['Pbx1', 'Pbx3', 'Pknx1', 'Pbx2']"
3_387,3_387,C2H2,GC-tract:C2H2,"['Klf15', 'Maz', 'Zn467', 'Zn263', 'Zn770', 'Zn341', 'Taf1', 'Zsc22', 'Thap1', 'Znf263']"
3_388,3_388,NFI,NFI/3:NFI,"['Nfia', 'Nfic']"
3_399,3_399,C2H2,KLF/SP/2:C2H2,"['Egr1', 'Egr2', 'Zbt17', 'Sp1', 'Patz1', 'Sp3', 'Vezf1', 'Klf6', 'Sp4', 'Wt1', 'Klf4', 'Sp5', 'Sp2', 'Zn281', 'Klf5', 'Klf3', 'Sall4', 'Klf1', 'Klf12', 'Rreb1']"
3_400,3_400,ETS,ETS/1:ETS,"['Elf1', 'Elf2', 'Gabpa', 'Elk1', 'Elk4', 'Etv1', 'Ehf', 'Elf4', 'Elf3', 'Elf5', 'Etv6', 'Elk3', 'Zbtb7a', 'Fev', 'Etv4', 'Erg', 'Ets1', 'Etv5', 'Etv3', 'Fli1', 'Etv2', 'Spdef', 'Erf']"
3_404,3_404,bHLH,Ebox/CAGCTG:bHLH,"['Ascl1', 'Ascl2', 'Myog', 'Myf6', 'Myod1', 'Bha15', 'Tfe2', 'Tfap4', 'Zbt18', 'Tcf12', 'Nhlh1', 'Twist1', 'Msc', 'Zbtb18', 'Tcf21', 'Znf238']"
3_417,3_417,bHLH,Ebox/CATATG:bHLH,"['Atoh1', 'Olig3', 'Olig2', 'Bhlhe22', 'Olig1', 'Neurod2', 'Bhlhe23', 'Neurog2', 'Bhlha15', 'Neurog1', 'Twist2']"
3_418,3_418,C2H2,CTCF:C2H2,"['Ctcfl', 'Ctcf']"
3_422,3_422,C2H2,CTCF:C2H2,"['Ctcfl', 'Ctcf']"
3_424,3_424,NFI,NFI/3:NFI,"['Nfia', 'Nfic']"
3_440,3_440,IRF,IRF/3:IRF,['Irf5']
3_459,3_459,C2H2,GC-tract:C2H2,"['Klf15', 'Maz', 'Zn467', 'Zn263', 'Zn770', 'Zn341', 'Taf1', 'Zsc22', 'Thap1', 'Znf263']"
3_463,3_463,bHLH,Ebox/CAGATGG:bHLH,"['Atoh1', 'Ndf1', 'Ngn2', 'Ndf2', 'Olig2', 'Ptf1a', 'Twst1', 'Lyl1', 'Msgn1', 'Neurod1', 'Tal1']"
3_466,3_466,homeodomain,HD/14:homeodomain,"['Hxa10', 'Hxa9', 'Hxc9', 'Meis1', 'Hoxc9', 'Hoxa9']"
3_475,3_475,bHLH,Ebox/CATATG:bHLH,"['Atoh1', 'Olig3', 'Olig2', 'Bhlhe22', 'Olig1', 'Neurod2', 'Bhlhe23', 'Neurog2', 'Bhlha15', 'Neurog1', 'Twist2']"
3_476,3_476,C2H2,KLF/SP/2:C2H2,"['Egr1', 'Egr2', 'Zbt17', 'Sp1', 'Patz1', 'Sp3', 'Vezf1', 'Klf6', 'Sp4', 'Wt1', 'Klf4', 'Sp5', 'Sp2', 'Zn281', 'Klf5', 'Klf3', 'Sall4', 'Klf1', 'Klf12', 'Rreb1']"
3_487,3_487,RFX,RFX/2:RFX,"['Rfx2', 'Rfx3', 'Rfx4']"
3_500,3_500,bHLH,Ebox/CATATG:bHLH,"['Atoh1', 'Olig3', 'Olig2', 'Bhlhe22', 'Olig1', 'Neurod2', 'Bhlhe23', 'Neurog2', 'Bhlha15', 'Neurog1', 'Twist2']"
3_520,3_520,C2H2,EGR:C2H2,"['Egr3', 'Egr1', 'Egr4', 'Egr2']"
3_521,3_521,C2H2,KLF/SP/2:C2H2,"['Egr1', 'Egr2', 'Zbt17', 'Sp1', 'Patz1', 'Sp3', 'Vezf1', 'Klf6', 'Sp4', 'Wt1', 'Klf4', 'Sp5', 'Sp2', 'Zn281', 'Klf5', 'Klf3', 'Sall4', 'Klf1', 'Klf12', 'Rreb1']"
3_523,3_523,RFX,RFX/1:RFX,"['Rfx1', 'Rfx2', 'Rfx3', 'Rfx4', 'Rfx5']"
3_527,3_527,C2H2,KLF/SP/2:C2H2,"['Egr1', 'Egr2', 'Zbt17', 'Sp1', 'Patz1', 'Sp3', 'Vezf1', 'Klf6', 'Sp4', 'Wt1', 'Klf4', 'Sp5', 'Sp2', 'Zn281', 'Klf5', 'Klf3', 'Sall4', 'Klf1', 'Klf12', 'Rreb1']"
3_538,3_538,C2H2,GC-tract:C2H2,"['Klf15', 'Maz', 'Zn467', 'Zn263', 'Zn770', 'Zn341', 'Taf1', 'Zsc22', 'Thap1', 'Znf263']"
3_549,3_549,C2H2,CTCF:C2H2,"['Ctcfl', 'Ctcf']"
4_28,4_28,C2H2,CTCF:C2H2,"['Ctcfl', 'Ctcf']"
4_41,4_41,C2H2,KLF/SP/2:C2H2,"['Egr1', 'Egr2', 'Zbt17', 'Sp1', 'Patz1', 'Sp3', 'Vezf1', 'Klf6', 'Sp4', 'Wt1', 'Klf4', 'Sp5', 'Sp2', 'Zn281', 'Klf5', 'Klf3', 'Sall4', 'Klf1', 'Klf12', 'Rreb1']"
4_46,4_46,bHLH,Ebox/CATATG:bHLH,"['Atoh1', 'Olig3', 'Olig2', 'Bhlhe22', 'Olig1', 'Neurod2', 'Bhlhe23', 'Neurog2', 'Bhlha15', 'Neurog1', 'Twist2']"
4_53,4_53,C2H2,CTCF:C2H2,"['Ctcfl', 'Ctcf']"
4_57,4_57,bHLH,Ebox/CATATG:bHLH,"['Atoh1', 'Olig3', 'Olig2', 'Bhlhe22', 'Olig1', 'Neurod2', 'Bhlhe23', 'Neurog2', 'Bhlha15', 'Neurog1', 'Twist2']"
4_67,4_67,C2H2,GC-tract:C2H2,"['Klf15', 'Maz', 'Zn467', 'Zn263', 'Zn770', 'Zn341', 'Taf1', 'Zsc22', 'Thap1', 'Znf263']"
4_71,4_71,RFX,RFX/3:RFX,"['Rfx5', 'Rfx6']"
4_73,4_73,bHLH,Ebox/CACGTG/1:bHLH,"['Usf1', 'Tfe3', 'Usf2', 'Bhe40', 'Tfeb', 'Mitf', 'Bmal1', 'Bhlhe41', 'Srebf2', 'Srebf1', 'Mlx', 'Bhlhe40', 'Mlxipl', 'Arnt', 'Arntl', 'Tfec', 'Hey1', 'Hey2', 'Id2', 'Max', 'Mnt', 'Mlxip', 'Npas2', 'Creb3l2', 'Hes7', 'Clock', 'Hes5', 'Bhlhb2', 'Bhlhb3', 'Creb3l1']"
4_74,4_74,NFY,NFY:NFY,"['Foxi1', 'Pbx3', 'Nfyc', 'Nfya', 'Nfyb', 'Dux']"
4_80,4_80,homeodomain,HD/12:homeodomain,"['Pbx1', 'Pbx3', 'Pknx1', 'Pbx2']"
4_105,4_105,C2H2,CTCF:C2H2,"['Ctcfl', 'Ctcf']"
4_113,4_113,RFX,RFX/3:RFX,"['Rfx5', 'Rfx6']"
4_115,4_115,bHLH,Ebox/CATATG:bHLH,"['Atoh1', 'Olig3', 'Olig2', 'Bhlhe22', 'Olig1', 'Neurod2', 'Bhlhe23', 'Neurog2', 'Bhlha15', 'Neurog1', 'Twist2']"
4_116,4_116,RFX,RFX/2:RFX,"['Rfx2', 'Rfx3', 'Rfx4']"
4_130,4_130,RFX,RFX/1:RFX,"['Rfx1', 'Rfx2', 'Rfx3', 'Rfx4', 'Rfx5']"
4_152,4_152,NFI,NFI/3:NFI,"['Nfia', 'Nfic']"
4_155,4_155,bHLH,Ebox/CAGATGG:bHLH,"['Atoh1', 'Ndf1', 'Ngn2', 'Ndf2', 'Olig2', 'Ptf1a', 'Twst1', 'Lyl1', 'Msgn1', 'Neurod1', 'Tal1']"
4_156,4_156,ETS,ETS/1:ETS,"['Elf1', 'Elf2', 'Gabpa', 'Elk1', 'Elk4', 'Etv1', 'Ehf', 'Elf4', 'Elf3', 'Elf5', 'Etv6', 'Elk3', 'Zbtb7a', 'Fev', 'Etv4', 'Erg', 'Ets1', 'Etv5', 'Etv3', 'Fli1', 'Etv2', 'Spdef', 'Erf']"
4_158,4_158,homeodomain,HD/12:homeodomain,"['Pbx1', 'Pbx3', 'Pknx1', 'Pbx2']"
4_170,4_170,C2H2,KLF/SP/2:C2H2,"['Egr1', 'Egr2', 'Zbt17', 'Sp1', 'Patz1', 'Sp3', 'Vezf1', 'Klf6', 'Sp4', 'Wt1', 'Klf4', 'Sp5', 'Sp2', 'Zn281', 'Klf5', 'Klf3', 'Sall4', 'Klf1', 'Klf12', 'Rreb1']"
4_207,4_207,C2H2,KLF/SP/2:C2H2,"['Egr1', 'Egr2', 'Zbt17', 'Sp1', 'Patz1', 'Sp3', 'Vezf1', 'Klf6', 'Sp4', 'Wt1', 'Klf4', 'Sp5', 'Sp2', 'Zn281', 'Klf5', 'Klf3', 'Sall4', 'Klf1', 'Klf12', 'Rreb1']"
4_210,4_210,C2H2,KLF/SP/2:C2H2,"['Egr1', 'Egr2', 'Zbt17', 'Sp1', 'Patz1', 'Sp3', 'Vezf1', 'Klf6', 'Sp4', 'Wt1', 'Klf4', 'Sp5', 'Sp2', 'Zn281', 'Klf5', 'Klf3', 'Sall4', 'Klf1', 'Klf12', 'Rreb1']"
4_213,4_213,C2H2,GC-tract:C2H2,"['Klf15', 'Maz', 'Zn467', 'Zn263', 'Zn770', 'Zn341', 'Taf1', 'Zsc22', 'Thap1', 'Znf263']"
4_215,4_215,NFI,NFI/3:NFI,"['Nfia', 'Nfic']"
4_216,4_216,NFI,NFI/3:NFI,"['Nfia', 'Nfic']"
4_217,4_217,C2H2,CTCF:C2H2,"['Ctcfl', 'Ctcf']"
4_226,4_226,C2H2,CTCF:C2H2,"['Ctcfl', 'Ctcf']"
4_236,4_236,bHLH,Ebox/CATATG:bHLH,"['Atoh1', 'Olig3', 'Olig2', 'Bhlhe22', 'Olig1', 'Neurod2', 'Bhlhe23', 'Neurog2', 'Bhlha15', 'Neurog1', 'Twist2']"
4_242,4_242,RFX,RFX/2:RFX,"['Rfx2', 'Rfx3', 'Rfx4']"
4_243,4_243,RFX,RFX/1:RFX,"['Rfx1', 'Rfx2', 'Rfx3', 'Rfx4', 'Rfx5']"
4_245,4_245,N/A,N/A,[]
4_255,4_255,C2H2,KLF/SP/2:C2H2,"['Egr1', 'Egr2', 'Zbt17', 'Sp1', 'Patz1', 'Sp3', 'Vezf1', 'Klf6', 'Sp4', 'Wt1', 'Klf4', 'Sp5', 'Sp2', 'Zn281', 'Klf5', 'Klf3', 'Sall4', 'Klf1', 'Klf12', 'Rreb1']"
4_258,4_258,homeodomain,HD/14:homeodomain,"['Hxa10', 'Hxa9', 'Hxc9', 'Meis1', 'Hoxc9', 'Hoxa9']"
4_261,4_261,N/A,N/A,[]
4_263,4_263,C2H2,KLF/SP/2:C2H2,"['Egr1', 'Egr2', 'Zbt17', 'Sp1', 'Patz1', 'Sp3', 'Vezf1', 'Klf6', 'Sp4', 'Wt1', 'Klf4', 'Sp5', 'Sp2', 'Zn281', 'Klf5', 'Klf3', 'Sall4', 'Klf1', 'Klf12', 'Rreb1']"
4_264,4_264,RFX,RFX/2:RFX,"['Rfx2', 'Rfx3', 'Rfx4']"
4_271,4_271,homeodomain,HD/12:homeodomain,"['Pbx1', 'Pbx3', 'Pknx1', 'Pbx2']"
4_274,4_274,C2H2,CTCF:C2H2,"['Ctcfl', 'Ctcf']"
4_278,4_278,homeodomain,HD/12:homeodomain,"['Pbx1', 'Pbx3', 'Pknx1', 'Pbx2']"
4_281,4_281,C2H2,KLF/SP/2:C2H2,"['Egr1', 'Egr2', 'Zbt17', 'Sp1', 'Patz1', 'Sp3', 'Vezf1', 'Klf6', 'Sp4', 'Wt1', 'Klf4', 'Sp5', 'Sp2', 'Zn281', 'Klf5', 'Klf3', 'Sall4', 'Klf1', 'Klf12', 'Rreb1']"
4_283,4_283,bHLH,Ebox/CATATG:bHLH,"['Atoh1', 'Olig3', 'Olig2', 'Bhlhe22', 'Olig1', 'Neurod2', 'Bhlhe23', 'Neurog2', 'Bhlha15', 'Neurog1', 'Twist2']"
4_296,4_296,C2H2,KLF/SP/2:C2H2,"['Egr1', 'Egr2', 'Zbt17', 'Sp1', 'Patz1', 'Sp3', 'Vezf1', 'Klf6', 'Sp4', 'Wt1', 'Klf4', 'Sp5', 'Sp2', 'Zn281', 'Klf5', 'Klf3', 'Sall4', 'Klf1', 'Klf12', 'Rreb1']"
4_327,4_327,bHLH,Ebox/CAGCTG:bHLH,"['Ascl1', 'Ascl2', 'Myog', 'Myf6', 'Myod1', 'Bha15', 'Tfe2', 'Tfap4', 'Zbt18', 'Tcf12', 'Nhlh1', 'Twist1', 'Msc', 'Zbtb18', 'Tcf21', 'Znf238']"
4_332,4_332,C2H2,KLF/SP/2:C2H2,"['Egr1', 'Egr2', 'Zbt17', 'Sp1', 'Patz1', 'Sp3', 'Vezf1', 'Klf6', 'Sp4', 'Wt1', 'Klf4', 'Sp5', 'Sp2', 'Zn281', 'Klf5', 'Klf3', 'Sall4', 'Klf1', 'Klf12', 'Rreb1']"
4_334,4_334,C2H2,CTCF:C2H2,"['Ctcfl', 'Ctcf']"
4_336,4_336,C2H2,CTCF:C2H2,"['Ctcfl', 'Ctcf']"
4_349,4_349,RFX,RFX/3:RFX,"['Rfx5', 'Rfx6']"
4_352,4_352,C2H2,KLF/SP/2:C2H2,"['Egr1', 'Egr2', 'Zbt17', 'Sp1', 'Patz1', 'Sp3', 'Vezf1', 'Klf6', 'Sp4', 'Wt1', 'Klf4', 'Sp5', 'Sp2', 'Zn281', 'Klf5', 'Klf3', 'Sall4', 'Klf1', 'Klf12', 'Rreb1']"
4_354,4_354,bZIP,CREB/ATF/1:bZIP,"['Atf1', 'Creb1', 'Atf2', 'Atf3', 'Crem', 'Fos', 'Fosl2', 'Fosl1', 'Jun', 'Fosb', 'Junb']"
4_359,4_359,C2H2,KLF/SP/2:C2H2,"['Egr1', 'Egr2', 'Zbt17', 'Sp1', 'Patz1', 'Sp3', 'Vezf1', 'Klf6', 'Sp4', 'Wt1', 'Klf4', 'Sp5', 'Sp2', 'Zn281', 'Klf5', 'Klf3', 'Sall4', 'Klf1', 'Klf12', 'Rreb1']"
4_368,4_368,N/A,N/A,[]
4_376,4_376,bHLH,Ebox/CACGTG/1:bHLH,"['Usf1', 'Tfe3', 'Usf2', 'Bhe40', 'Tfeb', 'Mitf', 'Bmal1', 'Bhlhe41', 'Srebf2', 'Srebf1', 'Mlx', 'Bhlhe40', 'Mlxipl', 'Arnt', 'Arntl', 'Tfec', 'Hey1', 'Hey2', 'Id2', 'Max', 'Mnt', 'Mlxip', 'Npas2', 'Creb3l2', 'Hes7', 'Clock', 'Hes5', 'Bhlhb2', 'Bhlhb3', 'Creb3l1']"
4_383,4_383,ETS,ETS/1:ETS,"['Elf1', 'Elf2', 'Gabpa', 'Elk1', 'Elk4', 'Etv1', 'Ehf', 'Elf4', 'Elf3', 'Elf5', 'Etv6', 'Elk3', 'Zbtb7a', 'Fev', 'Etv4', 'Erg', 'Ets1', 'Etv5', 'Etv3', 'Fli1', 'Etv2', 'Spdef', 'Erf']"
4_407,4_407,C2H2,GC-tract:C2H2,"['Klf15', 'Maz', 'Zn467', 'Zn263', 'Zn770', 'Zn341', 'Taf1', 'Zsc22', 'Thap1', 'Znf263']"
4_438,4_438,N/A,N/A,[]
4_444,4_444,POU,OCT4+SOX2:POU,"['Nanog', 'Po5f1', 'Sox2', 'Po3f1', 'Pou5f1']"
4_451,4_451,bHLH,Ebox/CATATG:bHLH,"['Atoh1', 'Olig3', 'Olig2', 'Bhlhe22', 'Olig1', 'Neurod2', 'Bhlhe23', 'Neurog2', 'Bhlha15', 'Neurog1', 'Twist2']"
4_456,4_456,C2H2,KLF/SP/2:C2H2,"['Egr1', 'Egr2', 'Zbt17', 'Sp1', 'Patz1', 'Sp3', 'Vezf1', 'Klf6', 'Sp4', 'Wt1', 'Klf4', 'Sp5', 'Sp2', 'Zn281', 'Klf5', 'Klf3', 'Sall4', 'Klf1', 'Klf12', 'Rreb1']"
4_458,4_458,C2H2,KLF/SP/2:C2H2,"['Egr1', 'Egr2', 'Zbt17', 'Sp1', 'Patz1', 'Sp3', 'Vezf1', 'Klf6', 'Sp4', 'Wt1', 'Klf4', 'Sp5', 'Sp2', 'Zn281', 'Klf5', 'Klf3', 'Sall4', 'Klf1', 'Klf12', 'Rreb1']"
4_469,4_469,C2H2,GC-tract:C2H2,"['Klf15', 'Maz', 'Zn467', 'Zn263', 'Zn770', 'Zn341', 'Taf1', 'Zsc22', 'Thap1', 'Znf263']"
4_496,4_496,NFI,NFI/3:NFI,"['Nfia', 'Nfic']"
4_501,4_501,homeodomain,HD/12:homeodomain,"['Pbx1', 'Pbx3', 'Pknx1', 'Pbx2']"
4_514,4_514,bHLH,Ebox/CATATG:bHLH,"['Atoh1', 'Olig3', 'Olig2', 'Bhlhe22', 'Olig1', 'Neurod2', 'Bhlhe23', 'Neurog2', 'Bhlha15', 'Neurog1', 'Twist2']"
4_521,4_521,C2H2,GC-tract:C2H2,"['Klf15', 'Maz', 'Zn467', 'Zn263', 'Zn770', 'Zn341', 'Taf1', 'Zsc22', 'Thap1', 'Znf263']"
4_528,4_528,bHLH,Ebox/CATATG:bHLH,"['Atoh1', 'Olig3', 'Olig2', 'Bhlhe22', 'Olig1', 'Neurod2', 'Bhlhe23', 'Neurog2', 'Bhlha15', 'Neurog1', 'Twist2']"
4_535,4_535,RFX,RFX/2:RFX,"['Rfx2', 'Rfx3', 'Rfx4']"
4_542,4_542,N/A,N/A,[]
4_558,4_558,RFX,RFX/3:RFX,"['Rfx5', 'Rfx6']"
4_573,4_573,bHLH,Ebox/CAGATGG:bHLH,"['Atoh1', 'Ndf1', 'Ngn2', 'Ndf2', 'Olig2', 'Ptf1a', 'Twst1', 'Lyl1', 'Msgn1', 'Neurod1', 'Tal1']"
4_578,4_578,C2H2,KLF/SP/2:C2H2,"['Egr1', 'Egr2', 'Zbt17', 'Sp1', 'Patz1', 'Sp3', 'Vezf1', 'Klf6', 'Sp4', 'Wt1', 'Klf4', 'Sp5', 'Sp2', 'Zn281', 'Klf5', 'Klf3', 'Sall4', 'Klf1', 'Klf12', 'Rreb1']"
4_584,4_584,C2H2,KLF/SP/2:C2H2,"['Egr1', 'Egr2', 'Zbt17', 'Sp1', 'Patz1', 'Sp3', 'Vezf1', 'Klf6', 'Sp4', 'Wt1', 'Klf4', 'Sp5', 'Sp2', 'Zn281', 'Klf5', 'Klf3', 'Sall4', 'Klf1', 'Klf12', 'Rreb1']"
4_597,4_597,bHLH,Ebox/CATATG:bHLH,"['Atoh1', 'Olig3', 'Olig2', 'Bhlhe22', 'Olig1', 'Neurod2', 'Bhlhe23', 'Neurog2', 'Bhlha15', 'Neurog1', 'Twist2']"
5_6,5_6,TBX,TBX/2:TBX,"['Mga', 'Tbx21', 'Tbx4', 'Tbx5', 'Tbx2']"
5_29,5_29,NFY,NFY:NFY,"['Foxi1', 'Pbx3', 'Nfyc', 'Nfya', 'Nfyb', 'Dux']"
5_30,5_30,C2H2,CTCF:C2H2,"['Ctcfl', 'Ctcf']"
5_44,5_44,bHLH,Ebox/CAGATGG:bHLH,"['Atoh1', 'Ndf1', 'Ngn2', 'Ndf2', 'Olig2', 'Ptf1a', 'Twst1', 'Lyl1', 'Msgn1', 'Neurod1', 'Tal1']"
5_46,5_46,homeodomain,HD/12:homeodomain,"['Pbx1', 'Pbx3', 'Pknx1', 'Pbx2']"
5_56,5_56,RFX,RFX/3:RFX,"['Rfx5', 'Rfx6']"
5_57,5_57,C2H2,KLF/SP/2:C2H2,"['Egr1', 'Egr2', 'Zbt17', 'Sp1', 'Patz1', 'Sp3', 'Vezf1', 'Klf6', 'Sp4', 'Wt1', 'Klf4', 'Sp5', 'Sp2', 'Zn281', 'Klf5', 'Klf3', 'Sall4', 'Klf1', 'Klf12', 'Rreb1']"
5_67,5_67,RFX,RFX/2:RFX,"['Rfx2', 'Rfx3', 'Rfx4']"
5_68,5_68,bHLH,Ebox/CATATG:bHLH,"['Atoh1', 'Olig3', 'Olig2', 'Bhlhe22', 'Olig1', 'Neurod2', 'Bhlhe23', 'Neurog2', 'Bhlha15', 'Neurog1', 'Twist2']"
5_75,5_75,NFI,NFI/3:NFI,"['Nfia', 'Nfic']"
5_103,5_103,RFX,RFX/3:RFX,"['Rfx5', 'Rfx6']"
5_110,5_110,bHLH,Ebox/CATATG:bHLH,"['Atoh1', 'Olig3', 'Olig2', 'Bhlhe22', 'Olig1', 'Neurod2', 'Bhlhe23', 'Neurog2', 'Bhlha15', 'Neurog1', 'Twist2']"
5_111,5_111,MADS,MEF2:MADS,"['Mef2a', 'Mef2c', 'Mef2d', 'Mef2b']"
5_130,5_130,ETS,ETS/1:ETS,"['Elf1', 'Elf2', 'Gabpa', 'Elk1', 'Elk4', 'Etv1', 'Ehf', 'Elf4', 'Elf3', 'Elf5', 'Etv6', 'Elk3', 'Zbtb7a', 'Fev', 'Etv4', 'Erg', 'Ets1', 'Etv5', 'Etv3', 'Fli1', 'Etv2', 'Spdef', 'Erf']"
5_132,5_132,RFX,RFX/2:RFX,"['Rfx2', 'Rfx3', 'Rfx4']"
5_184,5_184,NFI,NFI/3:NFI,"['Nfia', 'Nfic']"
5_192,5_192,C2H2,KLF/SP/2:C2H2,"['Egr1', 'Egr2', 'Zbt17', 'Sp1', 'Patz1', 'Sp3', 'Vezf1', 'Klf6', 'Sp4', 'Wt1', 'Klf4', 'Sp5', 'Sp2', 'Zn281', 'Klf5', 'Klf3', 'Sall4', 'Klf1', 'Klf12', 'Rreb1']"
5_202,5_202,C2H2,KLF/SP/2:C2H2,"['Egr1', 'Egr2', 'Zbt17', 'Sp1', 'Patz1', 'Sp3', 'Vezf1', 'Klf6', 'Sp4', 'Wt1', 'Klf4', 'Sp5', 'Sp2', 'Zn281', 'Klf5', 'Klf3', 'Sall4', 'Klf1', 'Klf12', 'Rreb1']"
5_222,5_222,C2H2,GC-tract:C2H2,"['Klf15', 'Maz', 'Zn467', 'Zn263', 'Zn770', 'Zn341', 'Taf1', 'Zsc22', 'Thap1', 'Znf263']"
5_228,5_228,bHLH,Ebox/CACGTG/2:bHLH,"['Clock', 'Mycn', 'Myc', 'Max', 'Mxi1', 'Hes1', 'Tcfl5', 'Hes2']"
5_232,5_232,bZIP,CREB/ATF/2:bZIP,"['Atf7', 'Creb5', 'Jdp2', 'Batf3', 'Jund', 'Jun', 'Creb3', 'Xbp1', 'Mafb']"
5_237,5_237,C2H2,CTCF:C2H2,"['Ctcfl', 'Ctcf']"
5_255,5_255,bHLH,Ebox/CAGCTG:bHLH,"['Ascl1', 'Ascl2', 'Myog', 'Myf6', 'Myod1', 'Bha15', 'Tfe2', 'Tfap4', 'Zbt18', 'Tcf12', 'Nhlh1', 'Twist1', 'Msc', 'Zbtb18', 'Tcf21', 'Znf238']"
5_259,5_259,C2H2,KLF/SP/2:C2H2,"['Egr1', 'Egr2', 'Zbt17', 'Sp1', 'Patz1', 'Sp3', 'Vezf1', 'Klf6', 'Sp4', 'Wt1', 'Klf4', 'Sp5', 'Sp2', 'Zn281', 'Klf5', 'Klf3', 'Sall4', 'Klf1', 'Klf12', 'Rreb1']"
5_277,5_277,C2H2,CTCF:C2H2,"['Ctcfl', 'Ctcf']"
5_312,5_312,C2H2,KLF/SP/2:C2H2,"['Egr1', 'Egr2', 'Zbt17', 'Sp1', 'Patz1', 'Sp3', 'Vezf1', 'Klf6', 'Sp4', 'Wt1', 'Klf4', 'Sp5', 'Sp2', 'Zn281', 'Klf5', 'Klf3', 'Sall4', 'Klf1', 'Klf12', 'Rreb1']"
5_320,5_320,C2H2,KLF/SP/2:C2H2,"['Egr1', 'Egr2', 'Zbt17', 'Sp1', 'Patz1', 'Sp3', 'Vezf1', 'Klf6', 'Sp4', 'Wt1', 'Klf4', 'Sp5', 'Sp2', 'Zn281', 'Klf5', 'Klf3', 'Sall4', 'Klf1', 'Klf12', 'Rreb1']"
5_344,5_344,C2H2,KLF/SP/2:C2H2,"['Egr1', 'Egr2', 'Zbt17', 'Sp1', 'Patz1', 'Sp3', 'Vezf1', 'Klf6', 'Sp4', 'Wt1', 'Klf4', 'Sp5', 'Sp2', 'Zn281', 'Klf5', 'Klf3', 'Sall4', 'Klf1', 'Klf12', 'Rreb1']"
5_347,5_347,C2H2,EGR:C2H2,"['Egr3', 'Egr1', 'Egr4', 'Egr2']"
5_351,5_351,C2H2,KLF/SP/2:C2H2,"['Egr1', 'Egr2', 'Zbt17', 'Sp1', 'Patz1', 'Sp3', 'Vezf1', 'Klf6', 'Sp4', 'Wt1', 'Klf4', 'Sp5', 'Sp2', 'Zn281', 'Klf5', 'Klf3', 'Sall4', 'Klf1', 'Klf12', 'Rreb1']"
5_354,5_354,homeodomain,HD/12:homeodomain,"['Pbx1', 'Pbx3', 'Pknx1', 'Pbx2']"
5_359,5_359,bZIP,AP1/2:bZIP,"['Bach1', 'Nfe2', 'Bach2', 'Nf2l2', 'Nfe2l2', 'Maf']"
5_361,5_361,N/A,N/A,[]
5_371,5_371,C2H2,CTCF:C2H2,"['Ctcfl', 'Ctcf']"
5_374,5_374,C2H2,CTCF:C2H2,"['Ctcfl', 'Ctcf']"
5_389,5_389,SMAD,SMAD:SMAD,"['Smad3', 'Tbx20', 'Smad4', 'Smad2']"
5_390,5_390,bZIP,CREB/ATF/2:bZIP,"['Atf7', 'Creb5', 'Jdp2', 'Batf3', 'Jund', 'Jun', 'Creb3', 'Xbp1', 'Mafb']"
5_392,5_392,ETS,ETS/1:ETS,"['Elf1', 'Elf2', 'Gabpa', 'Elk1', 'Elk4', 'Etv1', 'Ehf', 'Elf4', 'Elf3', 'Elf5', 'Etv6', 'Elk3', 'Zbtb7a', 'Fev', 'Etv4', 'Erg', 'Ets1', 'Etv5', 'Etv3', 'Fli1', 'Etv2', 'Spdef', 'Erf']"
5_401,5_401,RFX,RFX/3:RFX,"['Rfx5', 'Rfx6']"
5_402,5_402,homeodomain,HD/12:homeodomain,"['Pbx1', 'Pbx3', 'Pknx1', 'Pbx2']"
5_422,5_422,bHLH,Ebox/CATATG:bHLH,"['Atoh1', 'Olig3', 'Olig2', 'Bhlhe22', 'Olig1', 'Neurod2', 'Bhlhe23', 'Neurog2', 'Bhlha15', 'Neurog1', 'Twist2']"
5_424,5_424,bZIP,CREB/ATF/1:bZIP,"['Atf1', 'Creb1', 'Atf2', 'Atf3', 'Crem', 'Fos', 'Fosl2', 'Fosl1', 'Jun', 'Fosb', 'Junb']"
5_428,5_428,NFI,NFI/1:NFI,"['Nfib', 'Nfic', 'Nfix', 'Nfia']"
5_436,5_436,homeodomain,HD/12:homeodomain,"['Pbx1', 'Pbx3', 'Pknx1', 'Pbx2']"
5_439,5_439,C2H2,KLF/SP/2:C2H2,"['Egr1', 'Egr2', 'Zbt17', 'Sp1', 'Patz1', 'Sp3', 'Vezf1', 'Klf6', 'Sp4', 'Wt1', 'Klf4', 'Sp5', 'Sp2', 'Zn281', 'Klf5', 'Klf3', 'Sall4', 'Klf1', 'Klf12', 'Rreb1']"
5_458,5_458,C2H2,CTCF:C2H2,"['Ctcfl', 'Ctcf']"
5_474,5_474,N/A,N/A,[]
5_480,5_480,C2H2,KLF/SP/2:C2H2,"['Egr1', 'Egr2', 'Zbt17', 'Sp1', 'Patz1', 'Sp3', 'Vezf1', 'Klf6', 'Sp4', 'Wt1', 'Klf4', 'Sp5', 'Sp2', 'Zn281', 'Klf5', 'Klf3', 'Sall4', 'Klf1', 'Klf12', 'Rreb1']"
5_508,5_508,C2H2,KLF/SP/2:C2H2,"['Egr1', 'Egr2', 'Zbt17', 'Sp1', 'Patz1', 'Sp3', 'Vezf1', 'Klf6', 'Sp4', 'Wt1', 'Klf4', 'Sp5', 'Sp2', 'Zn281', 'Klf5', 'Klf3', 'Sall4', 'Klf1', 'Klf12', 'Rreb1']"
5_511,5_511,bHLH,Ebox/CAGATGG:bHLH,"['Atoh1', 'Ndf1', 'Ngn2', 'Ndf2', 'Olig2', 'Ptf1a', 'Twst1', 'Lyl1', 'Msgn1', 'Neurod1', 'Tal1']"
5_527,5_527,C2H2,KLF/SP/2:C2H2,"['Egr1', 'Egr2', 'Zbt17', 'Sp1', 'Patz1', 'Sp3', 'Vezf1', 'Klf6', 'Sp4', 'Wt1', 'Klf4', 'Sp5', 'Sp2', 'Zn281', 'Klf5', 'Klf3', 'Sall4', 'Klf1', 'Klf12', 'Rreb1']"
5_532,5_532,RFX,RFX/2:RFX,"['Rfx2', 'Rfx3', 'Rfx4']"
5_548,5_548,C2H2,KLF/SP/2:C2H2,"['Egr1', 'Egr2', 'Zbt17', 'Sp1', 'Patz1', 'Sp3', 'Vezf1', 'Klf6', 'Sp4', 'Wt1', 'Klf4', 'Sp5', 'Sp2', 'Zn281', 'Klf5', 'Klf3', 'Sall4', 'Klf1', 'Klf12', 'Rreb1']"
5_554,5_554,C2H2,KLF/SP/2:C2H2,"['Egr1', 'Egr2', 'Zbt17', 'Sp1', 'Patz1', 'Sp3', 'Vezf1', 'Klf6', 'Sp4', 'Wt1', 'Klf4', 'Sp5', 'Sp2', 'Zn281', 'Klf5', 'Klf3', 'Sall4', 'Klf1', 'Klf12', 'Rreb1']"
5_558,5_558,RFX,RFX/2:RFX,"['Rfx2', 'Rfx3', 'Rfx4']"
5_570,5_570,C2H2,KLF/SP/2:C2H2,"['Egr1', 'Egr2', 'Zbt17', 'Sp1', 'Patz1', 'Sp3', 'Vezf1', 'Klf6', 'Sp4', 'Wt1', 'Klf4', 'Sp5', 'Sp2', 'Zn281', 'Klf5', 'Klf3', 'Sall4', 'Klf1', 'Klf12', 'Rreb1']"
5_575,5_575,homeodomain,HD/12:homeodomain,"['Pbx1', 'Pbx3', 'Pknx1', 'Pbx2']"
5_580,5_580,C2H2,KLF/SP/2:C2H2,"['Egr1', 'Egr2', 'Zbt17', 'Sp1', 'Patz1', 'Sp3', 'Vezf1', 'Klf6', 'Sp4', 'Wt1', 'Klf4', 'Sp5', 'Sp2', 'Zn281', 'Klf5', 'Klf3', 'Sall4', 'Klf1', 'Klf12', 'Rreb1']"
5_594,5_594,bZIP,CREB/ATF/2:bZIP,"['Atf7', 'Creb5', 'Jdp2', 'Batf3', 'Jund', 'Jun', 'Creb3', 'Xbp1', 'Mafb']"
5_597,5_597,C2H2,KLF/SP/2:C2H2,"['Egr1', 'Egr2', 'Zbt17', 'Sp1', 'Patz1', 'Sp3', 'Vezf1', 'Klf6', 'Sp4', 'Wt1', 'Klf4', 'Sp5', 'Sp2', 'Zn281', 'Klf5', 'Klf3', 'Sall4', 'Klf1', 'Klf12', 'Rreb1']"
6_13,6_13,RFX,RFX/2:RFX,"['Rfx2', 'Rfx3', 'Rfx4']"
6_16,6_16,homeodomain,HD/12:homeodomain,"['Pbx1', 'Pbx3', 'Pknx1', 'Pbx2']"
6_17,6_17,homeodomain,HD/12:homeodomain,"['Pbx1', 'Pbx3', 'Pknx1', 'Pbx2']"
6_23,6_23,C2H2,KLF/SP/2:C2H2,"['Egr1', 'Egr2', 'Zbt17', 'Sp1', 'Patz1', 'Sp3', 'Vezf1', 'Klf6', 'Sp4', 'Wt1', 'Klf4', 'Sp5', 'Sp2', 'Zn281', 'Klf5', 'Klf3', 'Sall4', 'Klf1', 'Klf12', 'Rreb1']"
6_44,6_44,nuclearreceptor,NR/1:nuclearreceptor,"['Hnf4a', 'Hnf4g', 'Nr1h3', 'Rxrg', 'Nr2f6', 'Nr2c2', 'Rxra', 'Rxrb', 'Nr1h2', 'Nr2f1']"
6_52,6_52,NFI,NFI/3:NFI,"['Nfia', 'Nfic']"
6_62,6_62,N/A,N/A,[]
6_68,6_68,bHLH,Ebox/CATATG:bHLH,"['Atoh1', 'Olig3', 'Olig2', 'Bhlhe22', 'Olig1', 'Neurod2', 'Bhlhe23', 'Neurog2', 'Bhlha15', 'Neurog1', 'Twist2']"
6_112,6_112,bHLH,Ebox/CAGCTG:bHLH,"['Ascl1', 'Ascl2', 'Myog', 'Myf6', 'Myod1', 'Bha15', 'Tfe2', 'Tfap4', 'Zbt18', 'Tcf12', 'Nhlh1', 'Twist1', 'Msc', 'Zbtb18', 'Tcf21', 'Znf238']"
6_117,6_117,C2H2,KLF/SP/2:C2H2,"['Egr1', 'Egr2', 'Zbt17', 'Sp1', 'Patz1', 'Sp3', 'Vezf1', 'Klf6', 'Sp4', 'Wt1', 'Klf4', 'Sp5', 'Sp2', 'Zn281', 'Klf5', 'Klf3', 'Sall4', 'Klf1', 'Klf12', 'Rreb1']"
6_121,6_121,C2H2,GC-tract:C2H2,"['Klf15', 'Maz', 'Zn467', 'Zn263', 'Zn770', 'Zn341', 'Taf1', 'Zsc22', 'Thap1', 'Znf263']"
6_125,6_125,ETS,ETS/2:ETS,"['Ehf', 'Elf3', 'Elf5', 'Erg', 'Etv2', 'Elf2', 'Etv5', 'Ets1', 'Fli1', 'Elk4', 'Etv4', 'Etv6', 'Ets2', 'Fev']"
6_148,6_148,C2H2,CTCF:C2H2,"['Ctcfl', 'Ctcf']"
6_162,6_162,homeodomain,HD/12:homeodomain,"['Pbx1', 'Pbx3', 'Pknx1', 'Pbx2']"
6_170,6_170,TBX,TBX/2:TBX,"['Mga', 'Tbx21', 'Tbx4', 'Tbx5', 'Tbx2']"
6_183,6_183,N/A,N/A,[]
6_192,6_192,bHLH,Ebox/CAGATGG:bHLH,"['Atoh1', 'Ndf1', 'Ngn2', 'Ndf2', 'Olig2', 'Ptf1a', 'Twst1', 'Lyl1', 'Msgn1', 'Neurod1', 'Tal1']"
6_207,6_207,C2H2,CTCF:C2H2,"['Ctcfl', 'Ctcf']"
6_220,6_220,C2H2,GC-tract:C2H2,"['Klf15', 'Maz', 'Zn467', 'Zn263', 'Zn770', 'Zn341', 'Taf1', 'Zsc22', 'Thap1', 'Znf263']"
6_223,6_223,C2H2,KLF/SP/2:C2H2,"['Egr1', 'Egr2', 'Zbt17', 'Sp1', 'Patz1', 'Sp3', 'Vezf1', 'Klf6', 'Sp4', 'Wt1', 'Klf4', 'Sp5', 'Sp2', 'Zn281', 'Klf5', 'Klf3', 'Sall4', 'Klf1', 'Klf12', 'Rreb1']"
6_244,6_244,C2H2,CTCF:C2H2,"['Ctcfl', 'Ctcf']"
6_254,6_254,homeodomain,HD/14:homeodomain,"['Hxa10', 'Hxa9', 'Hxc9', 'Meis1', 'Hoxc9', 'Hoxa9']"
6_258,6_258,C2H2,KLF/SP/2:C2H2,"['Egr1', 'Egr2', 'Zbt17', 'Sp1', 'Patz1', 'Sp3', 'Vezf1', 'Klf6', 'Sp4', 'Wt1', 'Klf4', 'Sp5', 'Sp2', 'Zn281', 'Klf5', 'Klf3', 'Sall4', 'Klf1', 'Klf12', 'Rreb1']"
6_272,6_272,C2H2,KLF/SP/2:C2H2,"['Egr1', 'Egr2', 'Zbt17', 'Sp1', 'Patz1', 'Sp3', 'Vezf1', 'Klf6', 'Sp4', 'Wt1', 'Klf4', 'Sp5', 'Sp2', 'Zn281', 'Klf5', 'Klf3', 'Sall4', 'Klf1', 'Klf12', 'Rreb1']"
6_278,6_278,C2H2,KLF/SP/2:C2H2,"['Egr1', 'Egr2', 'Zbt17', 'Sp1', 'Patz1', 'Sp3', 'Vezf1', 'Klf6', 'Sp4', 'Wt1', 'Klf4', 'Sp5', 'Sp2', 'Zn281', 'Klf5', 'Klf3', 'Sall4', 'Klf1', 'Klf12', 'Rreb1']"
6_306,6_306,C2H2,CTCF:C2H2,"['Ctcfl', 'Ctcf']"
6_310,6_310,C2H2,KLF/SP/2:C2H2,"['Egr1', 'Egr2', 'Zbt17', 'Sp1', 'Patz1', 'Sp3', 'Vezf1', 'Klf6', 'Sp4', 'Wt1', 'Klf4', 'Sp5', 'Sp2', 'Zn281', 'Klf5', 'Klf3', 'Sall4', 'Klf1', 'Klf12', 'Rreb1']"
6_324,6_324,C2H2,YY1:C2H2,"['Tyy1', 'Zfp42', 'Yy1', 'Yy2']"
6_326,6_326,RFX,RFX/2:RFX,"['Rfx2', 'Rfx3', 'Rfx4']"
6_333,6_333,C2H2,KLF/SP/2:C2H2,"['Egr1', 'Egr2', 'Zbt17', 'Sp1', 'Patz1', 'Sp3', 'Vezf1', 'Klf6', 'Sp4', 'Wt1', 'Klf4', 'Sp5', 'Sp2', 'Zn281', 'Klf5', 'Klf3', 'Sall4', 'Klf1', 'Klf12', 'Rreb1']"
6_338,6_338,bHLH,Ebox/CATATG:bHLH,"['Atoh1', 'Olig3', 'Olig2', 'Bhlhe22', 'Olig1', 'Neurod2', 'Bhlhe23', 'Neurog2', 'Bhlha15', 'Neurog1', 'Twist2']"
6_340,6_340,NFY,NFY:NFY,"['Foxi1', 'Pbx3', 'Nfyc', 'Nfya', 'Nfyb', 'Dux']"
6_349,6_349,RFX,RFX/2:RFX,"['Rfx2', 'Rfx3', 'Rfx4']"
6_352,6_352,C2H2,CTCF:C2H2,"['Ctcfl', 'Ctcf']"
6_379,6_379,MADS,MEF2:MADS,"['Mef2a', 'Mef2c', 'Mef2d', 'Mef2b']"
6_380,6_380,CP2,GRHL:CP2,"['Grhl2', 'Tfcp2', 'Grhl1']"
6_387,6_387,C2H2,KLF/SP/2:C2H2,"['Egr1', 'Egr2', 'Zbt17', 'Sp1', 'Patz1', 'Sp3', 'Vezf1', 'Klf6', 'Sp4', 'Wt1', 'Klf4', 'Sp5', 'Sp2', 'Zn281', 'Klf5', 'Klf3', 'Sall4', 'Klf1', 'Klf12', 'Rreb1']"
6_389,6_389,NFI,NFI/3:NFI,"['Nfia', 'Nfic']"
6_401,6_401,NFI,NFI/3:NFI,"['Nfia', 'Nfic']"
6_407,6_407,RFX,RFX/3:RFX,"['Rfx5', 'Rfx6']"
6_412,6_412,C2H2,CTCF:C2H2,"['Ctcfl', 'Ctcf']"
6_416,6_416,bHLH,Ebox/CATATG:bHLH,"['Atoh1', 'Olig3', 'Olig2', 'Bhlhe22', 'Olig1', 'Neurod2', 'Bhlhe23', 'Neurog2', 'Bhlha15', 'Neurog1', 'Twist2']"
6_428,6_428,C2H2,KLF/SP/2:C2H2,"['Egr1', 'Egr2', 'Zbt17', 'Sp1', 'Patz1', 'Sp3', 'Vezf1', 'Klf6', 'Sp4', 'Wt1', 'Klf4', 'Sp5', 'Sp2', 'Zn281', 'Klf5', 'Klf3', 'Sall4', 'Klf1', 'Klf12', 'Rreb1']"
6_461,6_461,homeodomain,HD/12:homeodomain,"['Pbx1', 'Pbx3', 'Pknx1', 'Pbx2']"
6_497,6_497,bZIP,CREB/ATF/2:bZIP,"['Atf7', 'Creb5', 'Jdp2', 'Batf3', 'Jund', 'Jun', 'Creb3', 'Xbp1', 'Mafb']"
6_504,6_504,C2H2,KLF/SP/2:C2H2,"['Egr1', 'Egr2', 'Zbt17', 'Sp1', 'Patz1', 'Sp3', 'Vezf1', 'Klf6', 'Sp4', 'Wt1', 'Klf4', 'Sp5', 'Sp2', 'Zn281', 'Klf5', 'Klf3', 'Sall4', 'Klf1', 'Klf12', 'Rreb1']"
6_505,6_505,C2H2,KLF/SP/2:C2H2,"['Egr1', 'Egr2', 'Zbt17', 'Sp1', 'Patz1', 'Sp3', 'Vezf1', 'Klf6', 'Sp4', 'Wt1', 'Klf4', 'Sp5', 'Sp2', 'Zn281', 'Klf5', 'Klf3', 'Sall4', 'Klf1', 'Klf12', 'Rreb1']"
6_511,6_511,RFX,RFX/2:RFX,"['Rfx2', 'Rfx3', 'Rfx4']"
6_518,6_518,E2F,E2F/2:E2F,"['E2f1', 'Tfdp1', 'E2f4', 'E2f6', 'E2f3', 'E2f7']"
6_530,6_530,bHLH,Ebox/CAGATGG:bHLH,"['Atoh1', 'Ndf1', 'Ngn2', 'Ndf2', 'Olig2', 'Ptf1a', 'Twst1', 'Lyl1', 'Msgn1', 'Neurod1', 'Tal1']"
6_531,6_531,C2H2,KLF/SP/2:C2H2,"['Egr1', 'Egr2', 'Zbt17', 'Sp1', 'Patz1', 'Sp3', 'Vezf1', 'Klf6', 'Sp4', 'Wt1', 'Klf4', 'Sp5', 'Sp2', 'Zn281', 'Klf5', 'Klf3', 'Sall4', 'Klf1', 'Klf12', 'Rreb1']"
6_535,6_535,ETS,ETS/1:ETS,"['Elf1', 'Elf2', 'Gabpa', 'Elk1', 'Elk4', 'Etv1', 'Ehf', 'Elf4', 'Elf3', 'Elf5', 'Etv6', 'Elk3', 'Zbtb7a', 'Fev', 'Etv4', 'Erg', 'Ets1', 'Etv5', 'Etv3', 'Fli1', 'Etv2', 'Spdef', 'Erf']"
6_538,6_538,C2H2,KLF/SP/2:C2H2,"['Egr1', 'Egr2', 'Zbt17', 'Sp1', 'Patz1', 'Sp3', 'Vezf1', 'Klf6', 'Sp4', 'Wt1', 'Klf4', 'Sp5', 'Sp2', 'Zn281', 'Klf5', 'Klf3', 'Sall4', 'Klf1', 'Klf12', 'Rreb1']"
6_540,6_540,RFX,RFX/2:RFX,"['Rfx2', 'Rfx3', 'Rfx4']"
6_545,6_545,RFX,RFX/2:RFX,"['Rfx2', 'Rfx3', 'Rfx4']"
6_552,6_552,C2H2,KLF/SP/2:C2H2,"['Egr1', 'Egr2', 'Zbt17', 'Sp1', 'Patz1', 'Sp3', 'Vezf1', 'Klf6', 'Sp4', 'Wt1', 'Klf4', 'Sp5', 'Sp2', 'Zn281', 'Klf5', 'Klf3', 'Sall4', 'Klf1', 'Klf12', 'Rreb1']"
6_554,6_554,RFX,RFX/2:RFX,"['Rfx2', 'Rfx3', 'Rfx4']"
6_584,6_584,C2H2,KLF/SP/2:C2H2,"['Egr1', 'Egr2', 'Zbt17', 'Sp1', 'Patz1', 'Sp3', 'Vezf1', 'Klf6', 'Sp4', 'Wt1', 'Klf4', 'Sp5', 'Sp2', 'Zn281', 'Klf5', 'Klf3', 'Sall4', 'Klf1', 'Klf12', 'Rreb1']"
6_586,6_586,C2H2,KLF/SP/2:C2H2,"['Egr1', 'Egr2', 'Zbt17', 'Sp1', 'Patz1', 'Sp3', 'Vezf1', 'Klf6', 'Sp4', 'Wt1', 'Klf4', 'Sp5', 'Sp2', 'Zn281', 'Klf5', 'Klf3', 'Sall4', 'Klf1', 'Klf12', 'Rreb1']"
6_590,6_590,RFX,RFX/2:RFX,"['Rfx2', 'Rfx3', 'Rfx4']"
7_21,7_21,bHLH,Ebox/CATATG:bHLH,"['Atoh1', 'Olig3', 'Olig2', 'Bhlhe22', 'Olig1', 'Neurod2', 'Bhlhe23', 'Neurog2', 'Bhlha15', 'Neurog1', 'Twist2']"
7_32,7_32,RFX,RFX/1:RFX,"['Rfx1', 'Rfx2', 'Rfx3', 'Rfx4', 'Rfx5']"
7_52,7_52,E2F,E2F/2:E2F,"['E2f1', 'Tfdp1', 'E2f4', 'E2f6', 'E2f3', 'E2f7']"
7_54,7_54,RFX,RFX/2:RFX,"['Rfx2', 'Rfx3', 'Rfx4']"
7_64,7_64,C2H2,KLF/SP/2:C2H2,"['Egr1', 'Egr2', 'Zbt17', 'Sp1', 'Patz1', 'Sp3', 'Vezf1', 'Klf6', 'Sp4', 'Wt1', 'Klf4', 'Sp5', 'Sp2', 'Zn281', 'Klf5', 'Klf3', 'Sall4', 'Klf1', 'Klf12', 'Rreb1']"
7_73,7_73,RFX,RFX/1:RFX,"['Rfx1', 'Rfx2', 'Rfx3', 'Rfx4', 'Rfx5']"
7_78,7_78,C2H2,CTCF:C2H2,"['Ctcfl', 'Ctcf']"
7_84,7_84,RFX,RFX/2:RFX,"['Rfx2', 'Rfx3', 'Rfx4']"
7_92,7_92,NFI,NFI/3:NFI,"['Nfia', 'Nfic']"
7_109,7_109,E2F,E2F/4:E2F,"['E2f2', 'E2f5']"
7_116,7_116,C2H2,KLF/SP/2:C2H2,"['Egr1', 'Egr2', 'Zbt17', 'Sp1', 'Patz1', 'Sp3', 'Vezf1', 'Klf6', 'Sp4', 'Wt1', 'Klf4', 'Sp5', 'Sp2', 'Zn281', 'Klf5', 'Klf3', 'Sall4', 'Klf1', 'Klf12', 'Rreb1']"
7_131,7_131,C2H2,KLF/SP/2:C2H2,"['Egr1', 'Egr2', 'Zbt17', 'Sp1', 'Patz1', 'Sp3', 'Vezf1', 'Klf6', 'Sp4', 'Wt1', 'Klf4', 'Sp5', 'Sp2', 'Zn281', 'Klf5', 'Klf3', 'Sall4', 'Klf1', 'Klf12', 'Rreb1']"
7_132,7_132,RFX,RFX/3:RFX,"['Rfx5', 'Rfx6']"
7_134,7_134,C2H2,CTCF:C2H2,"['Ctcfl', 'Ctcf']"
7_143,7_143,homeodomain,HD/12:homeodomain,"['Pbx1', 'Pbx3', 'Pknx1', 'Pbx2']"
7_157,7_157,C2H2,KLF/SP/2:C2H2,"['Egr1', 'Egr2', 'Zbt17', 'Sp1', 'Patz1', 'Sp3', 'Vezf1', 'Klf6', 'Sp4', 'Wt1', 'Klf4', 'Sp5', 'Sp2', 'Zn281', 'Klf5', 'Klf3', 'Sall4', 'Klf1', 'Klf12', 'Rreb1']"
7_160,7_160,C2H2,KLF/SP/2:C2H2,"['Egr1', 'Egr2', 'Zbt17', 'Sp1', 'Patz1', 'Sp3', 'Vezf1', 'Klf6', 'Sp4', 'Wt1', 'Klf4', 'Sp5', 'Sp2', 'Zn281', 'Klf5', 'Klf3', 'Sall4', 'Klf1', 'Klf12', 'Rreb1']"
7_165,7_165,bHLH,Ebox/CATATG:bHLH,"['Atoh1', 'Olig3', 'Olig2', 'Bhlhe22', 'Olig1', 'Neurod2', 'Bhlhe23', 'Neurog2', 'Bhlha15', 'Neurog1', 'Twist2']"
7_169,7_169,CENPB,CENBP:CENPB,['Cenpb']
7_173,7_173,C2H2,KLF/SP/2:C2H2,"['Egr1', 'Egr2', 'Zbt17', 'Sp1', 'Patz1', 'Sp3', 'Vezf1', 'Klf6', 'Sp4', 'Wt1', 'Klf4', 'Sp5', 'Sp2', 'Zn281', 'Klf5', 'Klf3', 'Sall4', 'Klf1', 'Klf12', 'Rreb1']"
7_175,7_175,RFX,RFX/1:RFX,"['Rfx1', 'Rfx2', 'Rfx3', 'Rfx4', 'Rfx5']"
7_184,7_184,C2H2,GC-tract:C2H2,"['Klf15', 'Maz', 'Zn467', 'Zn263', 'Zn770', 'Zn341', 'Taf1', 'Zsc22', 'Thap1', 'Znf263']"
7_187,7_187,homeodomain,HD/1:homeodomain,"['Lhx6', 'Lhx8']"
7_189,7_189,bHLH,Ebox/CATATG:bHLH,"['Atoh1', 'Olig3', 'Olig2', 'Bhlhe22', 'Olig1', 'Neurod2', 'Bhlhe23', 'Neurog2', 'Bhlha15', 'Neurog1', 'Twist2']"
7_203,7_203,C2H2,GC-tract:C2H2,"['Klf15', 'Maz', 'Zn467', 'Zn263', 'Zn770', 'Zn341', 'Taf1', 'Zsc22', 'Thap1', 'Znf263']"
7_212,7_212,C2H2,KLF/SP/2:C2H2,"['Egr1', 'Egr2', 'Zbt17', 'Sp1', 'Patz1', 'Sp3', 'Vezf1', 'Klf6', 'Sp4', 'Wt1', 'Klf4', 'Sp5', 'Sp2', 'Zn281', 'Klf5', 'Klf3', 'Sall4', 'Klf1', 'Klf12', 'Rreb1']"
7_215,7_215,bHLH,Ebox/CACGTG/2:bHLH,"['Clock', 'Mycn', 'Myc', 'Max', 'Mxi1', 'Hes1', 'Tcfl5', 'Hes2']"
7_223,7_223,C2H2,KLF/SP/2:C2H2,"['Egr1', 'Egr2', 'Zbt17', 'Sp1', 'Patz1', 'Sp3', 'Vezf1', 'Klf6', 'Sp4', 'Wt1', 'Klf4', 'Sp5', 'Sp2', 'Zn281', 'Klf5', 'Klf3', 'Sall4', 'Klf1', 'Klf12', 'Rreb1']"
7_239,7_239,C2H2,CTCF:C2H2,"['Ctcfl', 'Ctcf']"
7_255,7_255,RFX,RFX/2:RFX,"['Rfx2', 'Rfx3', 'Rfx4']"
7_257,7_257,C2H2,CTCF:C2H2,"['Ctcfl', 'Ctcf']"
7_265,7_265,C2H2,CTCF:C2H2,"['Ctcfl', 'Ctcf']"
7_270,7_270,C2H2,CTCF:C2H2,"['Ctcfl', 'Ctcf']"
7_273,7_273,NFI,NFI/3:NFI,"['Nfia', 'Nfic']"
7_274,7_274,RFX,RFX/3:RFX,"['Rfx5', 'Rfx6']"
7_276,7_276,C2H2,GC-tract:C2H2,"['Klf15', 'Maz', 'Zn467', 'Zn263', 'Zn770', 'Zn341', 'Taf1', 'Zsc22', 'Thap1', 'Znf263']"
7_290,7_290,RFX,RFX/2:RFX,"['Rfx2', 'Rfx3', 'Rfx4']"
7_327,7_327,bHLH,Ebox/CATATG:bHLH,"['Atoh1', 'Olig3', 'Olig2', 'Bhlhe22', 'Olig1', 'Neurod2', 'Bhlhe23', 'Neurog2', 'Bhlha15', 'Neurog1', 'Twist2']"
7_328,7_328,homeodomain,HD/12:homeodomain,"['Pbx1', 'Pbx3', 'Pknx1', 'Pbx2']"
7_344,7_344,RFX,RFX/1:RFX,"['Rfx1', 'Rfx2', 'Rfx3', 'Rfx4', 'Rfx5']"
7_346,7_346,RFX,RFX/2:RFX,"['Rfx2', 'Rfx3', 'Rfx4']"
7_366,7_366,NFAT,NFKB/1:NFAT,"['Nfkb1', 'Tf65', 'Nfkb2', 'Relb', 'Rela', 'Rel']"
7_373,7_373,C2H2,KLF/SP/2:C2H2,"['Egr1', 'Egr2', 'Zbt17', 'Sp1', 'Patz1', 'Sp3', 'Vezf1', 'Klf6', 'Sp4', 'Wt1', 'Klf4', 'Sp5', 'Sp2', 'Zn281', 'Klf5', 'Klf3', 'Sall4', 'Klf1', 'Klf12', 'Rreb1']"
7_386,7_386,C2H2,KLF/SP/2:C2H2,"['Egr1', 'Egr2', 'Zbt17', 'Sp1', 'Patz1', 'Sp3', 'Vezf1', 'Klf6', 'Sp4', 'Wt1', 'Klf4', 'Sp5', 'Sp2', 'Zn281', 'Klf5', 'Klf3', 'Sall4', 'Klf1', 'Klf12', 'Rreb1']"
7_387,7_387,C2H2,KLF/SP/2:C2H2,"['Egr1', 'Egr2', 'Zbt17', 'Sp1', 'Patz1', 'Sp3', 'Vezf1', 'Klf6', 'Sp4', 'Wt1', 'Klf4', 'Sp5', 'Sp2', 'Zn281', 'Klf5', 'Klf3', 'Sall4', 'Klf1', 'Klf12', 'Rreb1']"
7_398,7_398,C2H2,KLF/SP/2:C2H2,"['Egr1', 'Egr2', 'Zbt17', 'Sp1', 'Patz1', 'Sp3', 'Vezf1', 'Klf6', 'Sp4', 'Wt1', 'Klf4', 'Sp5', 'Sp2', 'Zn281', 'Klf5', 'Klf3', 'Sall4', 'Klf1', 'Klf12', 'Rreb1']"
7_402,7_402,POU,POU/2:POU,"['Pou4f1', 'Pou4f3', 'Pou4f2', 'Pou1f1', 'Pou3f1', 'Pou3f2', 'Pou3f3', 'Pou3f4']"
7_403,7_403,C2H2,KLF/SP/2:C2H2,"['Egr1', 'Egr2', 'Zbt17', 'Sp1', 'Patz1', 'Sp3', 'Vezf1', 'Klf6', 'Sp4', 'Wt1', 'Klf4', 'Sp5', 'Sp2', 'Zn281', 'Klf5', 'Klf3', 'Sall4', 'Klf1', 'Klf12', 'Rreb1']"
7_405,7_405,bZIP,CCAAT/CEBP:bZIP,"['Cebpa', 'Cebpb', 'Cebpd', 'Nfil3', 'Hlf', 'Dbp', 'Cebpe', 'Cebpg', 'Tef']"
7_418,7_418,bHLH,Ebox/CATATG:bHLH,"['Atoh1', 'Olig3', 'Olig2', 'Bhlhe22', 'Olig1', 'Neurod2', 'Bhlhe23', 'Neurog2', 'Bhlha15', 'Neurog1', 'Twist2']"
7_429,7_429,C2H2,KLF/SP/2:C2H2,"['Egr1', 'Egr2', 'Zbt17', 'Sp1', 'Patz1', 'Sp3', 'Vezf1', 'Klf6', 'Sp4', 'Wt1', 'Klf4', 'Sp5', 'Sp2', 'Zn281', 'Klf5', 'Klf3', 'Sall4', 'Klf1', 'Klf12', 'Rreb1']"
7_438,7_438,bZIP,CREB/ATF/1:bZIP,"['Atf1', 'Creb1', 'Atf2', 'Atf3', 'Crem', 'Fos', 'Fosl2', 'Fosl1', 'Jun', 'Fosb', 'Junb']"
7_455,7_455,C2H2,CTCF:C2H2,"['Ctcfl', 'Ctcf']"
7_460,7_460,C2H2,CTCF:C2H2,"['Ctcfl', 'Ctcf']"
7_476,7_476,RFX,RFX/1:RFX,"['Rfx1', 'Rfx2', 'Rfx3', 'Rfx4', 'Rfx5']"
7_477,7_477,RFX,RFX/1:RFX,"['Rfx1', 'Rfx2', 'Rfx3', 'Rfx4', 'Rfx5']"
7_490,7_490,bHLH,Ebox/CATATG:bHLH,"['Atoh1', 'Olig3', 'Olig2', 'Bhlhe22', 'Olig1', 'Neurod2', 'Bhlhe23', 'Neurog2', 'Bhlha15', 'Neurog1', 'Twist2']"
7_497,7_497,bHLH,Ebox/CATATG:bHLH,"['Atoh1', 'Olig3', 'Olig2', 'Bhlhe22', 'Olig1', 'Neurod2', 'Bhlhe23', 'Neurog2', 'Bhlha15', 'Neurog1', 'Twist2']"
7_502,7_502,homeodomain,HD/12:homeodomain,"['Pbx1', 'Pbx3', 'Pknx1', 'Pbx2']"
7_541,7_541,C2H2,KLF/SP/1:C2H2,"['Klf9', 'Klf4', 'Klf13', 'Klf14', 'Sp4', 'Klf12', 'Klf16', 'Sp8', 'Sp3', 'Klf1', 'Sp1']"
7_542,7_542,bHLH,Ebox/CATATG:bHLH,"['Atoh1', 'Olig3', 'Olig2', 'Bhlhe22', 'Olig1', 'Neurod2', 'Bhlhe23', 'Neurog2', 'Bhlha15', 'Neurog1', 'Twist2']"
7_543,7_543,C2H2,CTCF:C2H2,"['Ctcfl', 'Ctcf']"
7_544,7_544,C2H2,KLF/SP/2:C2H2,"['Egr1', 'Egr2', 'Zbt17', 'Sp1', 'Patz1', 'Sp3', 'Vezf1', 'Klf6', 'Sp4', 'Wt1', 'Klf4', 'Sp5', 'Sp2', 'Zn281', 'Klf5', 'Klf3', 'Sall4', 'Klf1', 'Klf12', 'Rreb1']"
7_548,7_548,C2H2,KLF/SP/2:C2H2,"['Egr1', 'Egr2', 'Zbt17', 'Sp1', 'Patz1', 'Sp3', 'Vezf1', 'Klf6', 'Sp4', 'Wt1', 'Klf4', 'Sp5', 'Sp2', 'Zn281', 'Klf5', 'Klf3', 'Sall4', 'Klf1', 'Klf12', 'Rreb1']"
7_562,7_562,C2H2,ZIC/2:C2H2,"['Zic1', 'Znf740', 'Zfp740']"
7_570,7_570,C2H2,CTCF:C2H2,"['Ctcfl', 'Ctcf']"
8_13,8_13,N/A,N/A,[]
8_43,8_43,RFX,RFX/2:RFX,"['Rfx2', 'Rfx3', 'Rfx4']"
8_51,8_51,C2H2,KLF/SP/2:C2H2,"['Egr1', 'Egr2', 'Zbt17', 'Sp1', 'Patz1', 'Sp3', 'Vezf1', 'Klf6', 'Sp4', 'Wt1', 'Klf4', 'Sp5', 'Sp2', 'Zn281', 'Klf5', 'Klf3', 'Sall4', 'Klf1', 'Klf12', 'Rreb1']"
8_61,8_61,NFI,NFI/3:NFI,"['Nfia', 'Nfic']"
8_94,8_94,C2H2,CTCF:C2H2,"['Ctcfl', 'Ctcf']"
8_98,8_98,C2H2,KLF/SP/2:C2H2,"['Egr1', 'Egr2', 'Zbt17', 'Sp1', 'Patz1', 'Sp3', 'Vezf1', 'Klf6', 'Sp4', 'Wt1', 'Klf4', 'Sp5', 'Sp2', 'Zn281', 'Klf5', 'Klf3', 'Sall4', 'Klf1', 'Klf12', 'Rreb1']"
8_110,8_110,C2H2,KLF/SP/2:C2H2,"['Egr1', 'Egr2', 'Zbt17', 'Sp1', 'Patz1', 'Sp3', 'Vezf1', 'Klf6', 'Sp4', 'Wt1', 'Klf4', 'Sp5', 'Sp2', 'Zn281', 'Klf5', 'Klf3', 'Sall4', 'Klf1', 'Klf12', 'Rreb1']"
8_115,8_115,homeodomain,HD/14:homeodomain,"['Hxa10', 'Hxa9', 'Hxc9', 'Meis1', 'Hoxc9', 'Hoxa9']"
8_121,8_121,bZIP,CREB/ATF/2:bZIP,"['Atf7', 'Creb5', 'Jdp2', 'Batf3', 'Jund', 'Jun', 'Creb3', 'Xbp1', 'Mafb']"
8_123,8_123,NFY,NFY:NFY,"['Foxi1', 'Pbx3', 'Nfyc', 'Nfya', 'Nfyb', 'Dux']"
8_144,8_144,C2H2,KLF/SP/2:C2H2,"['Egr1', 'Egr2', 'Zbt17', 'Sp1', 'Patz1', 'Sp3', 'Vezf1', 'Klf6', 'Sp4', 'Wt1', 'Klf4', 'Sp5', 'Sp2', 'Zn281', 'Klf5', 'Klf3', 'Sall4', 'Klf1', 'Klf12', 'Rreb1']"
8_149,8_149,RFX,RFX/2:RFX,"['Rfx2', 'Rfx3', 'Rfx4']"
8_169,8_169,C2H2,KLF/SP/2:C2H2,"['Egr1', 'Egr2', 'Zbt17', 'Sp1', 'Patz1', 'Sp3', 'Vezf1', 'Klf6', 'Sp4', 'Wt1', 'Klf4', 'Sp5', 'Sp2', 'Zn281', 'Klf5', 'Klf3', 'Sall4', 'Klf1', 'Klf12', 'Rreb1']"
8_176,8_176,homeodomain,HD/12:homeodomain,"['Pbx1', 'Pbx3', 'Pknx1', 'Pbx2']"
8_186,8_186,C2H2,KLF/SP/2:C2H2,"['Egr1', 'Egr2', 'Zbt17', 'Sp1', 'Patz1', 'Sp3', 'Vezf1', 'Klf6', 'Sp4', 'Wt1', 'Klf4', 'Sp5', 'Sp2', 'Zn281', 'Klf5', 'Klf3', 'Sall4', 'Klf1', 'Klf12', 'Rreb1']"
8_188,8_188,C2H2,KLF/SP/2:C2H2,"['Egr1', 'Egr2', 'Zbt17', 'Sp1', 'Patz1', 'Sp3', 'Vezf1', 'Klf6', 'Sp4', 'Wt1', 'Klf4', 'Sp5', 'Sp2', 'Zn281', 'Klf5', 'Klf3', 'Sall4', 'Klf1', 'Klf12', 'Rreb1']"
8_199,8_199,C2H2,KLF/SP/2:C2H2,"['Egr1', 'Egr2', 'Zbt17', 'Sp1', 'Patz1', 'Sp3', 'Vezf1', 'Klf6', 'Sp4', 'Wt1', 'Klf4', 'Sp5', 'Sp2', 'Zn281', 'Klf5', 'Klf3', 'Sall4', 'Klf1', 'Klf12', 'Rreb1']"
8_208,8_208,homeodomain,HD/12:homeodomain,"['Pbx1', 'Pbx3', 'Pknx1', 'Pbx2']"
8_209,8_209,C2H2,KLF/SP/2:C2H2,"['Egr1', 'Egr2', 'Zbt17', 'Sp1', 'Patz1', 'Sp3', 'Vezf1', 'Klf6', 'Sp4', 'Wt1', 'Klf4', 'Sp5', 'Sp2', 'Zn281', 'Klf5', 'Klf3', 'Sall4', 'Klf1', 'Klf12', 'Rreb1']"
8_220,8_220,NFI,NFI/3:NFI,"['Nfia', 'Nfic']"
8_242,8_242,C2H2,KLF/SP/2:C2H2,"['Egr1', 'Egr2', 'Zbt17', 'Sp1', 'Patz1', 'Sp3', 'Vezf1', 'Klf6', 'Sp4', 'Wt1', 'Klf4', 'Sp5', 'Sp2', 'Zn281', 'Klf5', 'Klf3', 'Sall4', 'Klf1', 'Klf12', 'Rreb1']"
8_245,8_245,bHLH,Ebox/CATATG:bHLH,"['Atoh1', 'Olig3', 'Olig2', 'Bhlhe22', 'Olig1', 'Neurod2', 'Bhlhe23', 'Neurog2', 'Bhlha15', 'Neurog1', 'Twist2']"
8_270,8_270,C2H2,CTCF:C2H2,"['Ctcfl', 'Ctcf']"
8_278,8_278,C2H2,KLF/SP/2:C2H2,"['Egr1', 'Egr2', 'Zbt17', 'Sp1', 'Patz1', 'Sp3', 'Vezf1', 'Klf6', 'Sp4', 'Wt1', 'Klf4', 'Sp5', 'Sp2', 'Zn281', 'Klf5', 'Klf3', 'Sall4', 'Klf1', 'Klf12', 'Rreb1']"
8_279,8_279,bHLH,Ebox/CACGTG/1:bHLH,"['Usf1', 'Tfe3', 'Usf2', 'Bhe40', 'Tfeb', 'Mitf', 'Bmal1', 'Bhlhe41', 'Srebf2', 'Srebf1', 'Mlx', 'Bhlhe40', 'Mlxipl', 'Arnt', 'Arntl', 'Tfec', 'Hey1', 'Hey2', 'Id2', 'Max', 'Mnt', 'Mlxip', 'Npas2', 'Creb3l2', 'Hes7', 'Clock', 'Hes5', 'Bhlhb2', 'Bhlhb3', 'Creb3l1']"
8_284,8_284,nuclearreceptor,NR/1:nuclearreceptor,"['Hnf4a', 'Hnf4g', 'Nr1h3', 'Rxrg', 'Nr2f6', 'Nr2c2', 'Rxra', 'Rxrb', 'Nr1h2', 'Nr2f1']"
8_294,8_294,RFX,RFX/1:RFX,"['Rfx1', 'Rfx2', 'Rfx3', 'Rfx4', 'Rfx5']"
8_311,8_311,C2H2,KLF/SP/2:C2H2,"['Egr1', 'Egr2', 'Zbt17', 'Sp1', 'Patz1', 'Sp3', 'Vezf1', 'Klf6', 'Sp4', 'Wt1', 'Klf4', 'Sp5', 'Sp2', 'Zn281', 'Klf5', 'Klf3', 'Sall4', 'Klf1', 'Klf12', 'Rreb1']"
8_343,8_343,POU,POU/2:POU,"['Pou4f1', 'Pou4f3', 'Pou4f2', 'Pou1f1', 'Pou3f1', 'Pou3f2', 'Pou3f3', 'Pou3f4']"
8_346,8_346,RFX,RFX/3:RFX,"['Rfx5', 'Rfx6']"
8_369,8_369,C2H2,CTCF:C2H2,"['Ctcfl', 'Ctcf']"
8_372,8_372,C2H2,KLF/SP/2:C2H2,"['Egr1', 'Egr2', 'Zbt17', 'Sp1', 'Patz1', 'Sp3', 'Vezf1', 'Klf6', 'Sp4', 'Wt1', 'Klf4', 'Sp5', 'Sp2', 'Zn281', 'Klf5', 'Klf3', 'Sall4', 'Klf1', 'Klf12', 'Rreb1']"
8_380,8_380,homeodomain,HD/12:homeodomain,"['Pbx1', 'Pbx3', 'Pknx1', 'Pbx2']"
8_382,8_382,C2H2,KLF/SP/2:C2H2,"['Egr1', 'Egr2', 'Zbt17', 'Sp1', 'Patz1', 'Sp3', 'Vezf1', 'Klf6', 'Sp4', 'Wt1', 'Klf4', 'Sp5', 'Sp2', 'Zn281', 'Klf5', 'Klf3', 'Sall4', 'Klf1', 'Klf12', 'Rreb1']"
8_399,8_399,C2H2,CTCF:C2H2,"['Ctcfl', 'Ctcf']"
8_402,8_402,NFI,NFI/1:NFI,"['Nfib', 'Nfic', 'Nfix', 'Nfia']"
8_412,8_412,bHLH,Ebox/CATATG:bHLH,"['Atoh1', 'Olig3', 'Olig2', 'Bhlhe22', 'Olig1', 'Neurod2', 'Bhlhe23', 'Neurog2', 'Bhlha15', 'Neurog1', 'Twist2']"
8_419,8_419,C2H2,CTCF:C2H2,"['Ctcfl', 'Ctcf']"
8_429,8_429,TBX,TBX/2:TBX,"['Mga', 'Tbx21', 'Tbx4', 'Tbx5', 'Tbx2']"
8_435,8_435,C2H2,KLF/SP/2:C2H2,"['Egr1', 'Egr2', 'Zbt17', 'Sp1', 'Patz1', 'Sp3', 'Vezf1', 'Klf6', 'Sp4', 'Wt1', 'Klf4', 'Sp5', 'Sp2', 'Zn281', 'Klf5', 'Klf3', 'Sall4', 'Klf1', 'Klf12', 'Rreb1']"
8_437,8_437,N/A,N/A,[]
8_443,8_443,ETS,ETS/1:ETS,"['Elf1', 'Elf2', 'Gabpa', 'Elk1', 'Elk4', 'Etv1', 'Ehf', 'Elf4', 'Elf3', 'Elf5', 'Etv6', 'Elk3', 'Zbtb7a', 'Fev', 'Etv4', 'Erg', 'Ets1', 'Etv5', 'Etv3', 'Fli1', 'Etv2', 'Spdef', 'Erf']"
8_457,8_457,homeodomain,HD/12:homeodomain,"['Pbx1', 'Pbx3', 'Pknx1', 'Pbx2']"
8_463,8_463,RFX,RFX/1:RFX,"['Rfx1', 'Rfx2', 'Rfx3', 'Rfx4', 'Rfx5']"
8_477,8_477,C2H2,KLF/SP/2:C2H2,"['Egr1', 'Egr2', 'Zbt17', 'Sp1', 'Patz1', 'Sp3', 'Vezf1', 'Klf6', 'Sp4', 'Wt1', 'Klf4', 'Sp5', 'Sp2', 'Zn281', 'Klf5', 'Klf3', 'Sall4', 'Klf1', 'Klf12', 'Rreb1']"
8_485,8_485,bHLH,Ebox/CAGATGG:bHLH,"['Atoh1', 'Ndf1', 'Ngn2', 'Ndf2', 'Olig2', 'Ptf1a', 'Twst1', 'Lyl1', 'Msgn1', 'Neurod1', 'Tal1']"
8_496,8_496,bZIP,CREB/ATF/2:bZIP,"['Atf7', 'Creb5', 'Jdp2', 'Batf3', 'Jund', 'Jun', 'Creb3', 'Xbp1', 'Mafb']"
8_539,8_539,C2H2,KLF/SP/2:C2H2,"['Egr1', 'Egr2', 'Zbt17', 'Sp1', 'Patz1', 'Sp3', 'Vezf1', 'Klf6', 'Sp4', 'Wt1', 'Klf4', 'Sp5', 'Sp2', 'Zn281', 'Klf5', 'Klf3', 'Sall4', 'Klf1', 'Klf12', 'Rreb1']"
8_561,8_561,C2H2,KLF/SP/2:C2H2,"['Egr1', 'Egr2', 'Zbt17', 'Sp1', 'Patz1', 'Sp3', 'Vezf1', 'Klf6', 'Sp4', 'Wt1', 'Klf4', 'Sp5', 'Sp2', 'Zn281', 'Klf5', 'Klf3', 'Sall4', 'Klf1', 'Klf12', 'Rreb1']"
8_564,8_564,N/A,N/A,[]
8_569,8_569,bHLH,Ebox/CATATG:bHLH,"['Atoh1', 'Olig3', 'Olig2', 'Bhlhe22', 'Olig1', 'Neurod2', 'Bhlhe23', 'Neurog2', 'Bhlha15', 'Neurog1', 'Twist2']"
8_582,8_582,MEIS,MIES:MEIS,"['Tgif1', 'Meis2', 'Meis1', 'Meis3', 'Tgif2', 'Pknox1', 'Pknox2', 'Tgif2lx']"
8_596,8_596,bHLH,Ebox/CATATG:bHLH,"['Atoh1', 'Olig3', 'Olig2', 'Bhlhe22', 'Olig1', 'Neurod2', 'Bhlhe23', 'Neurog2', 'Bhlha15', 'Neurog1', 'Twist2']"
8_599,8_599,C2H2,CTCF:C2H2,"['Ctcfl', 'Ctcf']"
9_0,9_0,NFI,NFI/3:NFI,"['Nfia', 'Nfic']"
9_9,9_9,RFX,RFX/3:RFX,"['Rfx5', 'Rfx6']"
9_23,9_23,C2H2,KLF/SP/2:C2H2,"['Egr1', 'Egr2', 'Zbt17', 'Sp1', 'Patz1', 'Sp3', 'Vezf1', 'Klf6', 'Sp4', 'Wt1', 'Klf4', 'Sp5', 'Sp2', 'Zn281', 'Klf5', 'Klf3', 'Sall4', 'Klf1', 'Klf12', 'Rreb1']"
9_36,9_36,MEIS,MIES:MEIS,"['Tgif1', 'Meis2', 'Meis1', 'Meis3', 'Tgif2', 'Pknox1', 'Pknox2', 'Tgif2lx']"
9_40,9_40,RFX,RFX/2:RFX,"['Rfx2', 'Rfx3', 'Rfx4']"
9_61,9_61,bHLH,Ebox/CATATG:bHLH,"['Atoh1', 'Olig3', 'Olig2', 'Bhlhe22', 'Olig1', 'Neurod2', 'Bhlhe23', 'Neurog2', 'Bhlha15', 'Neurog1', 'Twist2']"
9_68,9_68,bHLH,Ebox/CATATG:bHLH,"['Atoh1', 'Olig3', 'Olig2', 'Bhlhe22', 'Olig1', 'Neurod2', 'Bhlhe23', 'Neurog2', 'Bhlha15', 'Neurog1', 'Twist2']"
9_78,9_78,C2H2,CTCF:C2H2,"['Ctcfl', 'Ctcf']"
9_84,9_84,bHLH,Ebox/CATATG:bHLH,"['Atoh1', 'Olig3', 'Olig2', 'Bhlhe22', 'Olig1', 'Neurod2', 'Bhlhe23', 'Neurog2', 'Bhlha15', 'Neurog1', 'Twist2']"
9_90,9_90,NFI,NFI/1:NFI,"['Nfib', 'Nfic', 'Nfix', 'Nfia']"
9_108,9_108,bHLH,Ebox/CAGCTG:bHLH,"['Ascl1', 'Ascl2', 'Myog', 'Myf6', 'Myod1', 'Bha15', 'Tfe2', 'Tfap4', 'Zbt18', 'Tcf12', 'Nhlh1', 'Twist1', 'Msc', 'Zbtb18', 'Tcf21', 'Znf238']"
9_116,9_116,C2H2,KLF/SP/2:C2H2,"['Egr1', 'Egr2', 'Zbt17', 'Sp1', 'Patz1', 'Sp3', 'Vezf1', 'Klf6', 'Sp4', 'Wt1', 'Klf4', 'Sp5', 'Sp2', 'Zn281', 'Klf5', 'Klf3', 'Sall4', 'Klf1', 'Klf12', 'Rreb1']"
9_121,9_121,RFX,RFX/2:RFX,"['Rfx2', 'Rfx3', 'Rfx4']"
9_138,9_138,C2H2,KLF/SP/2:C2H2,"['Egr1', 'Egr2', 'Zbt17', 'Sp1', 'Patz1', 'Sp3', 'Vezf1', 'Klf6', 'Sp4', 'Wt1', 'Klf4', 'Sp5', 'Sp2', 'Zn281', 'Klf5', 'Klf3', 'Sall4', 'Klf1', 'Klf12', 'Rreb1']"
9_140,9_140,C2H2,KLF/SP/2:C2H2,"['Egr1', 'Egr2', 'Zbt17', 'Sp1', 'Patz1', 'Sp3', 'Vezf1', 'Klf6', 'Sp4', 'Wt1', 'Klf4', 'Sp5', 'Sp2', 'Zn281', 'Klf5', 'Klf3', 'Sall4', 'Klf1', 'Klf12', 'Rreb1']"
9_147,9_147,N/A,N/A,[]
9_194,9_194,N/A,N/A,[]
9_197,9_197,C2H2,CTCF:C2H2,"['Ctcfl', 'Ctcf']"
9_218,9_218,RFX,RFX/2:RFX,"['Rfx2', 'Rfx3', 'Rfx4']"
9_229,9_229,C2H2,GC-tract:C2H2,"['Klf15', 'Maz', 'Zn467', 'Zn263', 'Zn770', 'Zn341', 'Taf1', 'Zsc22', 'Thap1', 'Znf263']"
9_230,9_230,C2H2,KLF/SP/2:C2H2,"['Egr1', 'Egr2', 'Zbt17', 'Sp1', 'Patz1', 'Sp3', 'Vezf1', 'Klf6', 'Sp4', 'Wt1', 'Klf4', 'Sp5', 'Sp2', 'Zn281', 'Klf5', 'Klf3', 'Sall4', 'Klf1', 'Klf12', 'Rreb1']"
9_239,9_239,C2H2,KLF/SP/2:C2H2,"['Egr1', 'Egr2', 'Zbt17', 'Sp1', 'Patz1', 'Sp3', 'Vezf1', 'Klf6', 'Sp4', 'Wt1', 'Klf4', 'Sp5', 'Sp2', 'Zn281', 'Klf5', 'Klf3', 'Sall4', 'Klf1', 'Klf12', 'Rreb1']"
9_266,9_266,bHLH,Ebox/CATATG:bHLH,"['Atoh1', 'Olig3', 'Olig2', 'Bhlhe22', 'Olig1', 'Neurod2', 'Bhlhe23', 'Neurog2', 'Bhlha15', 'Neurog1', 'Twist2']"
9_274,9_274,C2H2,CTCF:C2H2,"['Ctcfl', 'Ctcf']"
9_293,9_293,C2H2,GC-tract:C2H2,"['Klf15', 'Maz', 'Zn467', 'Zn263', 'Zn770', 'Zn341', 'Taf1', 'Zsc22', 'Thap1', 'Znf263']"
9_302,9_302,RFX,RFX/2:RFX,"['Rfx2', 'Rfx3', 'Rfx4']"
9_324,9_324,C2H2,KLF/SP/2:C2H2,"['Egr1', 'Egr2', 'Zbt17', 'Sp1', 'Patz1', 'Sp3', 'Vezf1', 'Klf6', 'Sp4', 'Wt1', 'Klf4', 'Sp5', 'Sp2', 'Zn281', 'Klf5', 'Klf3', 'Sall4', 'Klf1', 'Klf12', 'Rreb1']"
9_332,9_332,C2H2,KLF/SP/2:C2H2,"['Egr1', 'Egr2', 'Zbt17', 'Sp1', 'Patz1', 'Sp3', 'Vezf1', 'Klf6', 'Sp4', 'Wt1', 'Klf4', 'Sp5', 'Sp2', 'Zn281', 'Klf5', 'Klf3', 'Sall4', 'Klf1', 'Klf12', 'Rreb1']"
9_340,9_340,MEIS,MIES:MEIS,"['Tgif1', 'Meis2', 'Meis1', 'Meis3', 'Tgif2', 'Pknox1', 'Pknox2', 'Tgif2lx']"
9_345,9_345,C2H2,GC-tract:C2H2,"['Klf15', 'Maz', 'Zn467', 'Zn263', 'Zn770', 'Zn341', 'Taf1', 'Zsc22', 'Thap1', 'Znf263']"
9_346,9_346,C2H2,KLF/SP/2:C2H2,"['Egr1', 'Egr2', 'Zbt17', 'Sp1', 'Patz1', 'Sp3', 'Vezf1', 'Klf6', 'Sp4', 'Wt1', 'Klf4', 'Sp5', 'Sp2', 'Zn281', 'Klf5', 'Klf3', 'Sall4', 'Klf1', 'Klf12', 'Rreb1']"
9_351,9_351,bZIP,CCAAT/CEBP:bZIP,"['Cebpa', 'Cebpb', 'Cebpd', 'Nfil3', 'Hlf', 'Dbp', 'Cebpe', 'Cebpg', 'Tef']"
9_369,9_369,NFI,NFI/3:NFI,"['Nfia', 'Nfic']"
9_375,9_375,bHLH,Ebox/CACCTG:bHLH,"['Snai1', 'Htf4', 'Itf2', 'Snai2', 'Figla', 'Tcf3', 'Id4', 'Tcf4', 'Zeb1', 'Mesp1']"
9_382,9_382,C2H2,CTCF:C2H2,"['Ctcfl', 'Ctcf']"
9_386,9_386,bZIP,CCAAT/CEBP:bZIP,"['Cebpa', 'Cebpb', 'Cebpd', 'Nfil3', 'Hlf', 'Dbp', 'Cebpe', 'Cebpg', 'Tef']"
9_400,9_400,bHLH,Ebox/CATATG:bHLH,"['Atoh1', 'Olig3', 'Olig2', 'Bhlhe22', 'Olig1', 'Neurod2', 'Bhlhe23', 'Neurog2', 'Bhlha15', 'Neurog1', 'Twist2']"
9_402,9_402,homeodomain,HD/12:homeodomain,"['Pbx1', 'Pbx3', 'Pknx1', 'Pbx2']"
9_404,9_404,RFX,RFX/2:RFX,"['Rfx2', 'Rfx3', 'Rfx4']"
9_405,9_405,RFX,RFX/2:RFX,"['Rfx2', 'Rfx3', 'Rfx4']"
9_412,9_412,RFX,RFX/2:RFX,"['Rfx2', 'Rfx3', 'Rfx4']"
9_416,9_416,C2H2,KLF/SP/2:C2H2,"['Egr1', 'Egr2', 'Zbt17', 'Sp1', 'Patz1', 'Sp3', 'Vezf1', 'Klf6', 'Sp4', 'Wt1', 'Klf4', 'Sp5', 'Sp2', 'Zn281', 'Klf5', 'Klf3', 'Sall4', 'Klf1', 'Klf12', 'Rreb1']"
9_433,9_433,bHLH,Ebox/CATATG:bHLH,"['Atoh1', 'Olig3', 'Olig2', 'Bhlhe22', 'Olig1', 'Neurod2', 'Bhlhe23', 'Neurog2', 'Bhlha15', 'Neurog1', 'Twist2']"
9_435,9_435,NFI,NFI/3:NFI,"['Nfia', 'Nfic']"
9_440,9_440,C2H2,KLF/SP/2:C2H2,"['Egr1', 'Egr2', 'Zbt17', 'Sp1', 'Patz1', 'Sp3', 'Vezf1', 'Klf6', 'Sp4', 'Wt1', 'Klf4', 'Sp5', 'Sp2', 'Zn281', 'Klf5', 'Klf3', 'Sall4', 'Klf1', 'Klf12', 'Rreb1']"
9_460,9_460,E2F,E2F/2:E2F,"['E2f1', 'Tfdp1', 'E2f4', 'E2f6', 'E2f3', 'E2f7']"
9_469,9_469,RFX,RFX/1:RFX,"['Rfx1', 'Rfx2', 'Rfx3', 'Rfx4', 'Rfx5']"
9_499,9_499,C2H2,KLF/SP/2:C2H2,"['Egr1', 'Egr2', 'Zbt17', 'Sp1', 'Patz1', 'Sp3', 'Vezf1', 'Klf6', 'Sp4', 'Wt1', 'Klf4', 'Sp5', 'Sp2', 'Zn281', 'Klf5', 'Klf3', 'Sall4', 'Klf1', 'Klf12', 'Rreb1']"
9_504,9_504,C2H2,CTCF:C2H2,"['Ctcfl', 'Ctcf']"
9_515,9_515,C2H2,KLF/SP/2:C2H2,"['Egr1', 'Egr2', 'Zbt17', 'Sp1', 'Patz1', 'Sp3', 'Vezf1', 'Klf6', 'Sp4', 'Wt1', 'Klf4', 'Sp5', 'Sp2', 'Zn281', 'Klf5', 'Klf3', 'Sall4', 'Klf1', 'Klf12', 'Rreb1']"
9_527,9_527,C2H2,KLF/SP/2:C2H2,"['Egr1', 'Egr2', 'Zbt17', 'Sp1', 'Patz1', 'Sp3', 'Vezf1', 'Klf6', 'Sp4', 'Wt1', 'Klf4', 'Sp5', 'Sp2', 'Zn281', 'Klf5', 'Klf3', 'Sall4', 'Klf1', 'Klf12', 'Rreb1']"
9_539,9_539,E2F,E2F/2:E2F,"['E2f1', 'Tfdp1', 'E2f4', 'E2f6', 'E2f3', 'E2f7']"
9_551,9_551,bHLH,Ebox/CATATG:bHLH,"['Atoh1', 'Olig3', 'Olig2', 'Bhlhe22', 'Olig1', 'Neurod2', 'Bhlhe23', 'Neurog2', 'Bhlha15', 'Neurog1', 'Twist2']"
9_556,9_556,bHLH,Ebox/CATATG:bHLH,"['Atoh1', 'Olig3', 'Olig2', 'Bhlhe22', 'Olig1', 'Neurod2', 'Bhlhe23', 'Neurog2', 'Bhlha15', 'Neurog1', 'Twist2']"
9_557,9_557,C2H2,GC-tract:C2H2,"['Klf15', 'Maz', 'Zn467', 'Zn263', 'Zn770', 'Zn341', 'Taf1', 'Zsc22', 'Thap1', 'Znf263']"
9_560,9_560,C2H2,KLF/SP/2:C2H2,"['Egr1', 'Egr2', 'Zbt17', 'Sp1', 'Patz1', 'Sp3', 'Vezf1', 'Klf6', 'Sp4', 'Wt1', 'Klf4', 'Sp5', 'Sp2', 'Zn281', 'Klf5', 'Klf3', 'Sall4', 'Klf1', 'Klf12', 'Rreb1']"
9_564,9_564,RFX,RFX/3:RFX,"['Rfx5', 'Rfx6']"
9_565,9_565,RFX,RFX/1:RFX,"['Rfx1', 'Rfx2', 'Rfx3', 'Rfx4', 'Rfx5']"
9_578,9_578,C2H2,CTCF:C2H2,"['Ctcfl', 'Ctcf']"
9_580,9_580,C2H2,KLF/SP/2:C2H2,"['Egr1', 'Egr2', 'Zbt17', 'Sp1', 'Patz1', 'Sp3', 'Vezf1', 'Klf6', 'Sp4', 'Wt1', 'Klf4', 'Sp5', 'Sp2', 'Zn281', 'Klf5', 'Klf3', 'Sall4', 'Klf1', 'Klf12', 'Rreb1']"
